/*
SQLyog Ultimate v11.33 (64 bit)
MySQL - 5.6.17 : Database - speedy_payroll
*********************************************************************
*/

/*!40101 SET NAMES utf8 */;

/*!40101 SET SQL_MODE=''*/;

/*!40014 SET @OLD_UNIQUE_CHECKS=@@UNIQUE_CHECKS, UNIQUE_CHECKS=0 */;
/*!40014 SET @OLD_FOREIGN_KEY_CHECKS=@@FOREIGN_KEY_CHECKS, FOREIGN_KEY_CHECKS=0 */;
/*!40101 SET @OLD_SQL_MODE=@@SQL_MODE, SQL_MODE='NO_AUTO_VALUE_ON_ZERO' */;
/*!40111 SET @OLD_SQL_NOTES=@@SQL_NOTES, SQL_NOTES=0 */;
CREATE DATABASE /*!32312 IF NOT EXISTS*/`speedy_payroll` /*!40100 DEFAULT CHARACTER SET latin1 */;

USE `speedy_payroll`;

/*Data for the table `sp_company_priveledge` */

insert  into `sp_company_priveledge`(`id`,`priveledge_id`,`company_id`,`start_time`,`end_time`,`recursive`,`recursive_type`,`quota`,`status`,`created_at`,`modified_at`,`created_by`,`modified_by`) values (40160,33569985,11469208,1446336000,1449359999,'Recursive','Daily','-1','active',1448007432,1448007432,1,1),(397834,29495482,1498055481,1446336000,1449359999,'Recursive','Daily','-1','active',1448453557,1448453557,1,1),(455738,44895954,1470108992,1448898148,1451490148,'Recursive','Monthly','33','active',1448898148,1448898148,1,1),(1187771,37335715,4127200,1448988523,1449593323,'Recursive','Weekly','66','active',1448988523,1448988523,1,1),(1824653,38463626,37974450,1448989296,1451667696,'Recursive','Monthly','-1','active',1448989296,1448989296,1,1),(2117954,10854725,1498055481,1443654000,1446940799,'Recursive','Daily','1','active',1446047874,1446047874,1,1),(2308143,37335715,1498055481,1446336000,1449359999,'Recursive','Daily','-1','active',1448003211,1448003211,1,1),(2956809,19319456,11469208,1446336000,1448927999,'Recursive','Daily','-1','active',1448521038,1448521038,1,1),(3025779,22809635,1470108992,1448897923,1448984323,'Recursive','Daily','44','in-active',1448897923,1448898146,1,1),(3085362,17976196,11469208,1445727600,1449359999,'Recursive','Daily','-1','active',1448459440,1448459440,1,1),(4271057,10512453,11469208,1448755200,1452383999,'Recursive','Daily','-1','active',1449043085,1449043085,1,1),(5054475,14956208,37974450,1448989296,1449075696,'Recursive','Daily','44','active',1448989296,1448989296,1,1),(5072430,20363768,1498055481,1445727600,1449359999,'Recursive','Daily','-1','active',1447231429,1448454698,1,1),(5425556,11160653,1470108992,1448898147,1451490147,'Recursive','Monthly','33','active',1448898147,1448898147,1,1),(6338553,22809635,1498055481,1443654000,1448755199,'Recursive','Daily','1','active',1446047113,1447231387,1,1),(7101527,28349699,1498055481,1446336000,1448927999,'Recursive','Daily','-1','active',1448520939,1448520939,1,1),(7337264,16788033,37974450,1448989296,1451667696,'Recursive','Monthly','-1','active',1448989296,1448989296,1,1),(7750335,37335715,2012182685,1446336000,1448927999,'Recursive','Daily','1','active',1448372440,1448372440,1,1),(7881500,49312120,37974450,1448989295,1449594095,'Recursive','Weekly','33','active',1448989295,1448989295,1,1),(7993174,49312120,44157754,1448988879,1449593679,'Recursive','Weekly','33','active',1448988879,1448988879,1,1),(8153960,13245398,4127200,1448988524,1449074924,'Recursive','Daily','33','active',1448988524,1448988524,1,1),(8534683,17345553,11469208,1445727600,1449359999,'Recursive','Daily','-1','active',1448459489,1448459489,1,1),(9072266,33469358,44157754,1448988879,1449075279,'Recursive','Daily','55','active',1448988879,1448988879,1,1),(9154965,3316730,1470108992,1448897643,1449502443,'Recursive','Weekly','11','in-active',1448897643,1448898147,1,1),(9708207,20363757,11469208,1445727600,1449359999,'Recursive','Daily','-1','active',1448459476,1448459476,1,1),(10054568,49312120,1498055481,1445727600,1449359999,'Recursive','Daily','-1','active',1447164656,1447164656,1,1),(10060565,3316730,1470108992,1448898147,1449502947,'Recursive','Weekly','11','active',1448898147,1448898147,1,1),(10320781,37335715,44157754,1448988879,1449593679,'Recursive','Weekly','66','active',1448988879,1448988879,1,1),(10664539,23484903,37974450,1448989295,1451667695,'Recursive','Monthly','-1','active',1448989295,1448989295,1,1),(10754946,22809635,4127200,1448988524,1449074924,'Recursive','Daily','44','active',1448988524,1448988524,1,1),(11444206,15996544,37974450,1448989295,1451667695,'Recursive','Monthly','-1','active',1448989295,1448989295,1,1),(11542585,40517922,37974450,1448989295,1451667695,'Recursive','Monthly','-1','active',1448989295,1448989295,1,1),(11587383,10512453,37974450,1448989296,1449075696,'Recursive','Daily','33','active',1448989296,1448989296,1,1),(11679173,33569985,44157754,1448755200,1452383999,'Recursive','Daily','-1','active',1449051589,1449051589,1,1),(11916230,17323981,1470108992,1448898148,1448984548,'Recursive','Daily','11','active',1448898148,1448898148,1,1),(12221193,44105321,1498055481,1443654000,1451606399,'Recursive','Daily','-1','active',1446049654,1448121248,1,1),(12306678,22809635,37974450,1448989296,1449075696,'Recursive','Daily','44','active',1448989296,1448989296,1,1),(12322347,42401952,1470108992,1448898147,1448984547,'Recursive','Daily','33','active',1448898147,1448898147,1,1),(12680282,19552026,11469208,1445727600,1449359999,'Recursive','Daily','1','active',1446719943,1446719943,1,1),(12743526,30838768,11469208,1445727600,1449359999,'Recursive','Daily','-1','active',1448459642,1448459642,1,1),(12879240,10854725,1470108992,1448897643,1448984043,'Recursive','Daily','22','in-active',1448897643,1448898147,1,1),(12895924,33988437,1470108992,1448897643,1451489643,'Recursive','Monthly','33','in-active',1448897643,1448898147,1,1),(13128077,19291442,11469208,1445727600,1449359999,'Recursive','None','-1','active',1446817280,1446817280,1,1),(13238560,14592227,11469208,1445727600,1449359999,'Recursive','Daily','-1','active',1448459625,1448459625,1,1),(13331295,11160653,1470108992,1448897643,1451489643,'Recursive','Monthly','33','in-active',1448897643,1448898147,1,1),(13464187,34344361,1498055481,1445727600,1449359999,'Recursive','Daily','-1','active',1447486940,1447486940,1,1),(13513973,10512453,1470108992,1448755200,1452383999,'Recursive','Daily','-1','active',1449050970,1449050970,1,1),(13888270,9583481,1498055481,1445727600,1449359999,'Recursive','Daily','-1','active',1447167896,1447167896,1,1),(13964169,18550238,1498055481,1445727600,1449359999,'Recursive','Daily','-1','active',1448443089,1448443089,1,1),(14157772,34527276,44157754,1448988879,1449593679,'Recursive','Weekly','33','active',1448988879,1448988879,1,1),(14182192,44105321,11469208,1445727600,1449359999,'Recursive','Daily','-1','active',1448459635,1448459635,1,1),(14401574,34527276,11469208,1446336000,1449359999,'Recursive','Daily','-1','active',1448007464,1448007464,1,1),(14884578,3316730,11469208,1445727600,1449359999,'Recursive','Daily','1','active',1446719926,1446719926,1,1),(14956042,34527276,1470108992,1446336000,1449359999,'Recursive','Daily','-1','in-active',1448032964,1448898147,1,1),(15380019,16822303,1470108992,1448897643,1451489643,'Recursive','Monthly','33','in-active',1448897643,1448898147,1,1),(15421661,42210626,1498055481,1445727600,1449359999,'Recursive','Daily','1','active',1447231336,1447231336,1,1),(15728399,42331838,1498055481,1445727600,1449359999,'Recursive','Daily','-1','active',1447482072,1447482072,1,1),(16314301,4834775,1470108992,1448898148,1451490148,'Recursive','Monthly','33','active',1448898148,1448898148,1,1),(16533539,44895954,1470108992,1448897643,1451489643,'Recursive','Monthly','33','in-active',1448897643,1448898147,1,1),(17443480,28349699,11469208,1446336000,1448927999,'Recursive','Daily','-1','active',1448521033,1448521033,1,1),(17730235,42331838,37974450,1448989295,1451667695,'Recursive','Monthly','-1','active',1448989295,1448989295,1,1),(18508131,3434492,11469208,1445727600,1449359999,'Recursive','Daily','-1','active',1448459495,1448459495,1,1),(18866084,37335715,686366770,1446336000,1448927999,'Recursive','Daily','1','active',1448373197,1448373197,1,1),(18952612,115540,1470108992,1448898148,1449502948,'Recursive','Weekly','11','active',1448898148,1448898148,1,1),(19171751,28349699,14281294,1446336000,1449359999,'Recursive','Daily','-1','active',1448521124,1448521124,1,1),(19179743,37630514,1470108992,1448898147,1449502947,'Recursive','Weekly','44','active',1448898147,1448898147,1,1),(19316557,34324662,37974450,1448989296,1451667696,'Recursive','Monthly','-1','active',1448989296,1448989296,1,1),(20230405,13245398,1470108992,1448897923,1448984323,'Recursive','Daily','33','in-active',1448897923,1448898147,1,1),(20410939,46112685,1498055481,1443654000,1446940799,'Recursive','Daily','1','active',1446047893,1446047893,1,1),(21205402,30838768,1498055481,1443654000,1451606399,'Recursive','Daily','-1','active',1446050614,1448121233,1,1),(21428895,34527276,1470108992,1448897923,1449502723,'Recursive','Weekly','33','in-active',1448897923,1448898147,1,1),(21428936,5452318,11469208,1445727600,1448150399,'Recursive','Daily','-1','active',1448087215,1448087215,1,1),(21490382,47015925,44157754,1448988880,1449593680,'Recursive','Weekly','66','active',1448988880,1448988880,1,1),(21585900,16657762,1498055481,1445727600,1452383999,'Recursive','Daily','-1','active',1447318242,1447318242,1,1),(21937201,20363757,1498055481,1445727600,1449359999,'Recursive','Daily','1','active',1447231479,1447231479,1,1),(23038215,10512453,1498055481,1448755200,1452383999,'Recursive','Daily','-1','active',1448956123,1448956123,1,1),(23378489,22122850,11469208,1445727600,1449359999,'Recursive','Daily','-1','active',1448459449,1448459449,1,1),(23481053,37335715,11469208,1446336000,1449359999,'Recursive','Daily','-1','active',1448007448,1448007448,1,1),(23888351,39579242,1470108992,1448897643,1448984043,'Recursive','Daily','55','in-active',1448897643,1448898147,1,1),(24478683,19879092,1498055481,1446336000,1449359999,'Recursive','Daily','-1','active',1448453527,1448453527,1,1),(24653926,14956208,1498055481,1448755200,1452383999,'Recursive','Daily','-1','active',1448981154,1448981154,1,1),(24873005,13245398,37974450,1448989296,1449075696,'Recursive','Daily','33','active',1448989296,1448989296,1,1),(25365652,41067917,1498055481,1445727600,1449359999,'Recursive','Daily','-1','active',1447482221,1447482221,1,1),(25370097,17323981,1470108992,1448897643,1448984043,'Recursive','Daily','11','in-active',1448897643,1448898147,1,1),(25647364,38463626,1498055481,1445727600,1449359999,'Recursive','Daily','-1','active',1447482053,1447482053,1,1),(25853526,115540,1470108992,1448897643,1449502443,'Recursive','Weekly','11','in-active',1448897643,1448898147,1,1),(25915333,40517922,1498055481,1445727600,1449359999,'Recursive','Daily','-1','active',1447482128,1447482128,1,1),(26073931,10854725,1470108992,1448898147,1448984547,'Recursive','Daily','22','active',1448898147,1448898147,1,1),(26590611,15679447,11469208,1445727600,1449359999,'Recursive','Daily','-1','active',1448459430,1448459430,1,1),(26748240,34527276,1498055481,1445727600,1449359999,'Recursive','Daily','-1','active',1447164636,1447164636,1,1),(27295753,8415317,11469208,1445990400,1449100799,'Recursive','Daily','1','active',1446719628,1446719628,1,1),(27631841,702850,37974450,1448989296,1451667696,'Recursive','Monthly','-1','active',1448989296,1448989296,1,1),(27887516,47015925,1498055481,1446336000,1448927999,'Recursive','Daily','-1','active',1448379177,1448379177,1,1),(27961860,34344361,37974450,1448989296,1451667696,'Recursive','Monthly','-1','active',1448989296,1448989296,1,1),(27985600,34527276,2012182685,1445727600,1449359999,'Recursive','Daily','-1','active',1448436148,1448436148,1,1),(28323667,51093196,1498055481,1445727600,1449359999,'Recursive','Daily','-1','active',1447167911,1447167911,1,1),(28630509,35192725,11469208,1446336000,1449359999,'Recursive','Daily','-1','active',1448011482,1448011482,1,1),(28742836,43526509,1498055481,1446336000,1448927999,'Recursive','Daily','1','active',1448372206,1448372206,1,1),(28941800,33988437,1470108992,1448898148,1451490148,'Recursive','Monthly','33','active',1448898148,1448898148,1,1),(29392143,37335715,37974450,1448989295,1449594095,'Recursive','Weekly','66','active',1448989295,1448989295,1,1),(29720160,33469358,4127200,1448988524,1449074924,'Recursive','Daily','55','active',1448988524,1448988524,1,1),(30155333,33569985,1498055481,1446336000,1449359999,'Recursive','Daily','-1','active',1448003206,1448003206,1,1),(30418098,13245398,11469208,1445727600,1448927999,'Recursive','Daily','1','active',1446719692,1446719692,1,1),(30540510,34527276,651678391,1446336000,1449359999,'Recursive','Daily','-1','active',1448438152,1448438152,1,1),(30594182,14592227,1498055481,1446336000,1451174399,'Recursive','Daily','-1','active',1448443047,1448443047,1,1),(31253325,46112685,1470108992,1448897642,1451489642,'Recursive','Monthly','11','in-active',1448897642,1448898147,1,1),(31429073,49312120,4127200,1448988523,1449593323,'Recursive','Weekly','33','active',1448988523,1448988523,1,1),(31695426,34527276,43451129,1446336000,1449359999,'Recursive','Daily','-1','active',1448438242,1448438242,1,1),(31785749,19879092,11469208,1445727600,1449359999,'Recursive','Daily','-1','active',1448459471,1448459471,1,1),(32010009,14956208,44157754,1448755200,1452383999,'Recursive','Daily','-1','active',1449051605,1449051605,1,1),(33271034,43526509,37974450,1448989295,1451667695,'Recursive','Monthly','-1','active',1448989295,1448989295,1,1),(33401096,46112685,1470108992,1448898147,1451490147,'Recursive','Monthly','11','active',1448898147,1448898147,1,1),(33891150,702850,1498055481,1445727600,1449359999,'Recursive','Daily','-1','active',1447482179,1447482179,1,1),(33999256,21330136,1498055481,1445727600,1449359999,'Recursive','None','-1','active',1447482151,1447482151,1,1),(34316045,33469358,37974450,1448989296,1449075696,'Recursive','Daily','55','active',1448989296,1448989296,1,1),(34723209,14956208,11469208,1448755200,1452383999,'Recursive','Daily','-1','active',1449043094,1449043094,1,1),(34818862,41803431,1498055481,1445727600,1449359999,'Recursive','Daily','-1','active',1448443107,1448443107,1,1),(35041396,26768204,37974450,1448989295,1451667695,'Recursive','Monthly','-1','active',1448989295,1448989295,1,1),(35260458,53223032,1498055481,1445727600,1449359999,'Recursive','Daily','-1','active',1448443073,1448443073,1,1),(35397891,41067917,37974450,1448989296,1451667696,'Recursive','Monthly','-1','active',1448989296,1448989296,1,1),(35525848,34527276,4127200,1448988524,1449593324,'Recursive','Weekly','33','active',1448988524,1448988524,1,1),(35815389,19319456,14281294,1446336000,1449359999,'Recursive','Daily','-1','active',1448521128,1448521128,1,1),(35921409,37335715,1470108992,1448897923,1449502723,'Recursive','Weekly','66','in-active',1448897923,1448898147,1,1),(36640434,33469358,1470108992,1448897923,1448984323,'Recursive','Daily','55','in-active',1448897923,1448898147,1,1),(36712201,46075523,1470108992,1448898147,1451490147,'Recursive','Monthly','33','active',1448898147,1448898147,1,1),(36767522,8154239,1470108992,1448898147,1451490147,'Recursive','Monthly','33','active',1448898147,1448898147,1,1),(37039942,41775559,1498055481,1445727600,1449359999,'Recursive','Daily','-1','active',1447319747,1447319747,1,1),(37222286,33569985,1470108992,1448755200,1452383999,'Recursive','Daily','-1','active',1449051001,1449051001,1,1),(37239335,3195482,1498055481,1445727600,1447804799,'Recursive','Daily','-1','active',1447482200,1447482200,1,1),(37345898,23484903,1498055481,1445727600,1449359999,'Recursive','Daily','-1','active',1447486940,1447486940,1,1),(37508498,19291442,37974450,1448989296,1451667696,'Recursive','Monthly','-1','active',1448989296,1448989296,1,1),(37758909,8154239,1470108992,1448897643,1451489643,'Recursive','Monthly','33','in-active',1448897643,1448898147,1,1),(37964730,22809635,44157754,1448988879,1449075279,'Recursive','Daily','44','active',1448988879,1448988879,1,1),(37985212,19291442,1498055481,1446336000,1448927999,'Recursive','Daily','1','active',1448372176,1448372176,1,1),(38208916,49472927,1498055481,1446336000,1449359999,'Recursive','Daily','-1','active',1448442777,1448442777,1,1),(38382940,54507479,11469208,1445727600,1449359999,'Recursive','Daily','-1','active',1448459483,1448459483,1,1),(38543512,34527276,719198409,1446336000,1449359999,'Recursive','Daily','-1','active',1448437746,1448437746,1,1),(38580320,19319456,1498055481,1446336000,1448927999,'Recursive','Daily','-1','active',1448520922,1448520922,1,1),(38622870,29724587,1470108992,1448898148,1451490148,'Recursive','Monthly','33','active',1448898148,1448898148,1,1),(38749407,13245398,44157754,1448988879,1449075279,'Recursive','Daily','33','active',1448988879,1448988879,1,1),(38917115,49312120,11469208,1446336000,1449359999,'Recursive','Daily','-1','active',1448007416,1448007416,1,1),(39122682,49312120,1470108992,1448897923,1449502723,'Recursive','Weekly','33','in-active',1448897923,1448898147,1,1),(39190468,16822303,1470108992,1448898148,1451490148,'Recursive','Monthly','33','active',1448898148,1448898148,1,1),(39624932,22122850,1498055481,1445727600,1449359999,'Recursive','Daily','-1','active',1447231447,1448454683,1,1),(39891550,39579242,1470108992,1448898147,1448984547,'Recursive','Daily','55','active',1448898147,1448898147,1,1),(39955562,29724587,1470108992,1448897643,1451489643,'Recursive','Monthly','33','in-active',1448897643,1448898147,1,1),(40376595,10854724,1470108992,1448898148,1451490148,'Recursive','Monthly','22','active',1448898148,1448898148,1,1),(40767552,10854724,1470108992,1448897643,1451489643,'Recursive','Monthly','22','in-active',1448897643,1448898147,1,1),(40963292,3195482,37974450,1448989295,1451667695,'Recursive','Monthly','-1','active',1448989295,1448989295,1,1),(41162960,42210626,11469208,1446854400,1449014399,'Recursive','Daily','1','active',1446719577,1446719577,1,1),(41720615,47015925,1470108992,1448897923,1449502723,'Recursive','Weekly','66','in-active',1448897923,1448898147,1,1),(41808124,10512453,44157754,1448755200,1452383999,'Recursive','Daily','-1','active',1449051620,1449051620,1,1),(42057406,18550238,11469208,1445727600,1449359999,'Recursive','Daily','-1','active',1448459600,1448459600,1,1),(42466033,41803431,11469208,1445727600,1449359999,'Recursive','Daily','-1','active',1448459647,1448459647,1,1),(43010210,14956208,1470108992,1448755200,1452383999,'Recursive','Daily','-1','active',1449050986,1449050986,1,1),(43605241,16657762,11469208,1446336000,1449359999,'Recursive','Daily','-1','active',1448011486,1448011486,1,1),(43697322,47015925,4127200,1448988524,1449593324,'Recursive','Weekly','66','active',1448988524,1448988524,1,1),(44124884,34324662,1498055481,1445727600,1449359999,'Recursive','Daily','-1','active',1447482110,1447482110,1,1),(44579237,47015925,37974450,1448989296,1449594096,'Recursive','Weekly','66','active',1448989296,1448989296,1,1),(44688202,34527276,37974450,1448989296,1449594096,'Recursive','Weekly','33','active',1448989296,1448989296,1,1),(44780079,5452318,1498055481,1446336000,1449359999,'Recursive','Daily','-1','active',1448029068,1448029068,1,1),(44903632,21330136,37974450,1448989296,1451667696,'Recursive','Monthly','-1','active',1448989296,1448989296,1,1),(46063020,8415317,1498055481,1445727600,1449359999,'Recursive','Daily','1','active',1447231354,1447231354,1,1),(46658186,37630514,1470108992,1448897642,1449502442,'Recursive','Weekly','44','in-active',1448897642,1448898147,1,1),(46680679,14497725,1498055481,1446336000,1449359999,'Recursive','Daily','-1','active',1448121642,1448121642,1,1),(46764846,29495482,11469208,1445727600,1449359999,'Recursive','Daily','-1','active',1448459455,1448459455,1,1),(46771335,20363768,11469208,1445727600,1449359999,'Recursive','Daily','-1','active',1448459445,1448459445,1,1),(46856658,46449854,1498055481,1448755200,1451174399,'Recursive','Daily','-1','active',1449063907,1449063907,1,1),(47133299,42401952,1470108992,1448897643,1448984043,'Recursive','Daily','33','in-active',1448897643,1448898147,1,1),(47294649,46075523,1470108992,1448897643,1451489643,'Recursive','Monthly','33','in-active',1448897643,1448898147,1,1),(47712205,19879092,11469208,1445727600,1449359999,'Recursive','Daily','-1','active',1448459461,1448459461,1,1),(48321358,11243068,37974450,1448989295,1451667695,'Recursive','Monthly','-1','active',1448989295,1448989295,1,1),(51141392,53223032,11469208,1445727600,1449359999,'Recursive','Daily','-1','active',1448459606,1448459606,1,1),(51353294,4834775,1470108992,1448897644,1451489644,'Recursive','Monthly','33','in-active',1448897644,1448898147,1,1),(51416991,47015925,11469208,1448755200,1452383999,'Recursive','Daily','-1','active',1449043126,1449043126,1,1);

/*Data for the table `sp_function_list` */

insert  into `sp_function_list`(`id`,`title`,`module`,`controller`,`action`) values (2176227,'Clock In/Out','company','CompanyShiftsController.php','TimeInOut'),(2233423,'Add Contact','company','contactController.php','create'),(2360845,'Completed/Archive-Non billable Timesheet','timesheet','MainController.php','Archives'),(2836343,'Current Non billable Timesheets','timesheet','MainController.php','Index'),(4510251,'Invoice Completed 2-Way Timesheet','invoice','MainController.php','SendInvoice'),(4756154,'Update 1-Way Timesheet','timesheet','QuickTimesheetController.php','Update'),(4978970,'New Invoice','invoice','MainController.php','SendInvoice'),(7795663,'View Timesheet Details','company','CompanyShiftsController.php','ViewDetails'),(8258357,'Copy to Payroll Folder-Non Billable Timesheet','timesheet','MainController.php','DispatchCopy'),(10332230,'Current 1-Way Timesheet','timesheet','QuickTimesheetController.php','Index'),(10547107,'Create 2-Way Contract In','contract','MainController.php','In'),(10875027,'Company Shifts','company','CompanyShiftsController.php','Create'),(10998925,'Update Contract','contract','MainController.php','Update'),(11394705,'Edit Profile-Account','user','MainController.php','Update'),(11978044,'Add Employee-Staff Management','user','EmployeeController.php','Add'),(12057790,'Current 2-Way Timesheet','timesheet','MainController.php','Index'),(12472546,'Approval List','company','CompanyShiftsController.php','ApprovalList'),(12483378,'View All-SpeedyPayrolls','payroller','MainController.php','AdminEmployee'),(13192734,'Company Shifts List','company','CompanyShiftsController.php','Index'),(13255494,'epayslips Archives-epayslips','payroller','MainController.php','TimeSheetInbox'),(13723079,'View Employee Contract-Staff Management','contract','MainController.php','Grid'),(15317554,'Update Approval List','company','CompanyShiftsController.php','UpdateStatus'),(15508514,'Get Employee','company','MainController.php','GetEmployee'),(15995958,'Payslips Archives-Payslips','payroller','PayslipController.php','Request'),(16452376,'Completed 1-Way Timesheet','timesheet','QuickTimesheetController.php','Completed'),(17193688,'Companies-Payroll Accounts','payroller','MainController.php','Company'),(17447964,'View Employee Timesheets-Payroll Accounts','payroller','MainController.php','TimeSheets'),(17733880,'Edit Employee Profile-Staff Management','user','MainController.php','Update'),(17948919,'Resend Email Completed 1-Way TImesheet','timesheet','QuickTimesheetController.php','Completed'),(18135524,'Create 2-Way Contract Out','contract','MainController.php','Out'),(18135535,'Set 2 Way Contract','contract','MainController.php','New'),(18663726,'Export Employee Data','user','EmployeeController.php','Export'),(19085352,'Merge Timesheet-Non Billable Timesheet','payroller','MainController.php','DispatchPayroll'),(19158877,'Copy to Payroll Folder 2-Way Timesheet','timesheet','MainController.php','DispatchCopy'),(21612779,'Add 3-Way Timesheet','timesheet','MainController.php','AddWizard'),(21867735,'Instant Approve 2-Way Timesheet','','',''),(22424771,'Get Company Details','company','MainController.php','Getcompanydetails'),(22458802,'Completed 2-Way Timesheet','timesheet','MainController.php','Index'),(22660106,'Birds Eye-Staff Management','contract','MainController.php','Index'),(22841310,'Invoice 2-Way Timesheet','invoice','MainController.php','SendInvoice'),(22870911,'Request Payroll-Non Billable Timesheet','payroller','MainController.php','DispatchPayroll'),(22979669,'Edit Profile','company','MainController.php','EditProfile'),(25829911,'Dispatch Payroll','payroller','MainController.php','DispatchPayroll'),(26146323,'Contact List','company','ContactController.php','Index'),(26518124,'Merge Timesheet 2-Way Timesheet','payroller','MainController.php','DispatchPayroll'),(26547775,'Change Password-Staff Management','user','MainController.php','UserPassword'),(27705398,'Create Contact','company','contactController.php','create'),(27853899,'Archives-Timesheet Approvals','timesheet','MainController.php','Index'),(29570622,'Create 1-Way Timesheet','timesheet','QuickTimesheetController.php','Create'),(30149333,'General Report','company','CompanyShiftsController.php','TimesheetReport'),(30297951,'Company Profile','company','MainController.php','Profile'),(30385682,'Preference','company','MainController.php','Preferences'),(32020520,'Sent Invoice Archives','invoice','MainController.php','Index'),(34751119,'Request Payroll 2-Way Timesheet','payroller','MainController.php','DispatchPayroll'),(35399086,'Invoice 3-Way Timesheet','invoice','MainController.php','SendInvoice'),(35407432,'Add Employee','user','EmployeeController.php','Add'),(36509157,'Invoice 1-Way Timesheet','','',''),(36932548,'Create 3-Way Contract In-Out','contract','MainController.php','InOut'),(37212981,'Invoice Completed-Non Billable Timesheet','invoice','MainController.php','SendInvoice'),(37549521,'Instant Approve-Non billable Timesheet','','',''),(39253766,'Issue Payslips-Payslips','payroller','PayslipController.php','BulkUpload'),(39353954,'Update Approval List','company','CompanyShiftsController.php','UpdateApprovalList'),(39998579,'Awaiting Approvals-Timesheet Approvals','timesheet','ApproveController.php','Index'),(40217171,'View Details-Payroll Accounts','company','MainController.php','View'),(40319037,'Set 3 Way Contract','contract','MainController.php','New'),(40789030,'My Report','company','CompanyShiftsController.php','TimesheetReport'),(40945380,'View Employees-Payroll Accounts','payroller','MainController.php','Employee'),(41368462,'Add Multiple Employees-Staff Management','user','EmployeeController.php','Addmultiple'),(41772234,'Completed 3-Way Timesheet','timesheet','MainController.php','Index'),(42505071,'ePayslips Pending-epayslips','payroller','MainController.php','TimeSheetInbox'),(42563421,'Delete Contact','company','ContactController.php','Delete'),(42580312,'Change Password','user','MainController.php','ChangePassword'),(42956658,'Add Non Billable Contract','timesheet','MainController.php','add'),(42956781,'Payroller Employees','payroller','MainController.php','Employee'),(43437490,'Current 3-Way Timesheet','timesheet','MainController.php','Index'),(43627012,'Add 2-Way TImesheet','timesheet','MainController.php','AddWizard'),(44935203,'View All-Staff Management','user','EmployeeController.php','Index'),(45508631,'Approve Timesheet Request','company','CompanyShiftsController.php','UpdateApprovalList'),(47466100,'Invoice Current Non billable Timesheets','invoice','MainController.php','SendInvoice'),(54421616,'Update Payslip-Payslips','payroller','PayslipController.php','Issue'),(54536767,'Update Contact','company','ContactController.php','Update'),(54597990,'Add Non billable Timesheet','timesheet','MainController.php','AddWizard'),(55573914,'Admin Profile','user','MainController.php','View'),(56787381,'Export Employee Data','user','EmployeeController.php','Export');

/*Data for the table `sp_plan_priveledges` */

insert  into `sp_plan_priveledges`(`id`,`plan_id`,`priveledge_id`,`quota`,`type`,`created_at`,`modified_at`,`created_by`,`modified_by`) values (210088,28731010,37630514,44,'Weekly',1448724509,1448725214,1,1),(2320363,37696786,3195482,-1,'Monthly',1448989181,1448989181,1,1),(3864521,28731010,46112685,11,'Monthly',1448724509,1448725214,1,1),(3918091,28731010,10854725,22,'Daily',1448724509,1448725214,1,1),(5017816,28731010,11160653,33,'Monthly',1448724509,1448725214,1,1),(6210411,28731010,3316730,11,'Weekly',1448725215,1448725215,1,1),(8011685,28731010,42401952,33,'Daily',1448724509,1448725214,1,1),(8102265,13554712,9583481,22,'Weekly',1448725396,1448725454,1,1),(8242760,37696786,37335715,66,'Weekly',1448705505,1448989180,1,1),(8750424,28731010,39579242,55,'Daily',1448724509,1448725214,1,1),(10682233,37696786,11243068,-1,'Monthly',1448989181,1448989181,1,1),(10837548,37696786,15996544,-1,'Monthly',1448989181,1448989181,1,1),(16071754,37696786,42331838,-1,'Monthly',1448989181,1448989181,1,1),(17316625,37696786,40517922,-1,'Monthly',1448989181,1448989181,1,1),(17829920,28731010,8154239,33,'Monthly',1448724509,1448725214,1,1),(18722620,28731010,46075523,33,'Monthly',1448724510,1448725214,1,1),(19092430,37696786,23484903,-1,'Monthly',1448989181,1448989181,1,1),(19394014,37696786,43526509,-1,'Monthly',1448989181,1448989181,1,1),(22174072,13554712,51093196,44,'Weekly',1448725396,1448725454,1,1),(22644531,28731010,44895954,33,'Monthly',1448724509,1448725214,1,1),(22725846,37696786,26768204,-1,'Monthly',1448989181,1448989181,1,1),(24429739,28731010,33988437,33,'Monthly',1448724509,1448725214,1,1),(26187589,28731010,10854724,22,'Monthly',1448724509,1448725214,1,1),(26924737,37696786,49312120,33,'Weekly',1448705505,1448989180,1,1),(26954063,37696786,16788033,-1,'Monthly',1448989181,1448989181,1,1),(28417580,28731010,16822303,33,'Monthly',1448724510,1448725214,1,1),(28569271,28731010,115540,11,'Weekly',1448725215,1448725215,1,1),(30848855,37696786,34324662,-1,'Monthly',1448989181,1448989181,1,1),(33117452,37696786,34344361,-1,'Monthly',1448989181,1448989181,1,1),(34235933,37696786,34527276,33,'Weekly',1448705505,1448989180,1,1),(35105651,37696786,22809635,44,'Daily',1448703156,1448989180,1,1),(36674896,13554712,33569985,33,'Daily',1448725289,1448725454,1,1),(37438331,37696786,10512453,33,'Daily',1448989180,1448989180,1,1),(37502319,37696786,33469358,55,'Daily',1448703157,1448989180,1,1),(38018484,37696786,13245398,33,'Daily',1448703157,1448989180,1,1),(38955849,37696786,702850,-1,'Monthly',1448989181,1448989181,1,1),(39179017,28731010,29724587,33,'Monthly',1448724509,1448725214,1,1),(39777501,37696786,14956208,44,'Daily',1448989180,1448989180,1,1),(41485830,28731010,17323981,11,'Daily',1448724509,1448725214,1,1),(41510084,37696786,47015925,66,'Weekly',1448705505,1448989180,1,1),(42293115,28731010,4834775,33,'Monthly',1448724509,1448725214,1,1),(42334927,37696786,41067917,-1,'Monthly',1448989181,1448989181,1,1),(43189807,37696786,19291442,-1,'Monthly',1448989181,1448989181,1,1),(46836058,37696786,38463626,-1,'Monthly',1448989181,1448989181,1,1),(51037142,37696786,21330136,-1,'Monthly',1448989181,1448989181,1,1);

/*Data for the table `sp_priveledge` */

insert  into `sp_priveledge`(`id`,`name`,`key`,`function`,`group`,`status`,`function_list_id`,`created_at`,`modified_at`,`created_by`,`modified_by`) values (115540,'Pending EPayslips','Pending_EPayslips','','Epayslips',1,42505071,1444717074,1444717074,1,1),(702850,'Invoice Current Non Billable Timesheets','Invoice_Current_Non_Billable_Timesheets','','Non_Billable',1,47466100,1444488926,1444488926,1,1),(3195482,'Merge Non Billable Timesheets','Merge_Non_Billable_Timesheets','','Non_Billable',1,19085352,1444489175,1445337377,1,1),(3316730,'Archives EPayslips','Archives_EPayslips','','Epayslips',1,13255494,1444717116,1444717116,1,1),(3434492,'Invoice Two Way Timesheets','Invoice_2Way_Timesheets','','Two_Way',1,22841310,1444488141,1444488141,1,1),(4834775,'Update Contact','Update_Contact','','Contact',1,54536767,1444718330,1444718330,1,1),(5452318,'View All Staff','View_All_Staff','','Staff_Management',1,44935203,1444717191,1444717191,1,1),(7943511,'Request Payroll Two Way Timesheets','Request_Payroll_2Way_Timesheets','','Two_Way',1,34751119,1444488281,1444488281,1,1),(8154239,'Create Contact','Create_Contact','createContact','Contact',1,2233423,1444718195,1444718195,1,1),(8415317,'Add Multiple Employees','Add_Multiple_Employees','createMultipleEmployees','Staff_Management',1,41368462,1444717562,1444717562,1,1),(8731696,'Update Payslips','Update_Payslips','','Payslips',1,54421616,1444719095,1444719095,1,1),(9583481,'Create Company Shift','Create_Company_Shift','','Company Shifts',1,10875027,1447163432,1447163432,1,1),(10512453,'View Timesheet Details','View_Timesheet_Details','','Clock_In/Out',1,7795663,1448956067,1448956067,1,1),(10854724,'Sent Invoice Archives','Sent_Invoice_Archives','','Admin',1,32020520,1444717790,1444717790,1,1),(10854725,'Invoice Inbox','Invoice_Inbox',NULL,'Admin',1,32020520,1444718810,1444718810,1,1),(11160653,'My Privilege','Some','getItems','Contact',1,2233423,NULL,1444047784,NULL,1),(11243068,'Completed One Way Timesheets','Completed_1Way_Timesheets','','One_Way',1,16452376,1444486210,1444486210,1,1),(11833496,'Awaiting Timesheet Approvals','Awaiting_TImesheet_Approvals','','Timesheet_Approvals',1,39998579,1444716973,1444716973,1,1),(13245398,'Admin Profile','Admin_Profile','','Account',1,55573914,1444718095,1444718095,1,1),(13252799,'Testing','test','createNonBillableTimesheets','Two_Way',0,2233423,1444747503,1444747503,1,1),(13942925,'Merge Two Way Timesheet','Merge_2Way_Timesheet','','Two_Way',1,26518124,1444488320,1444488320,1,1),(14497725,'Get Company Details','Get_Company_Details','','',1,22424771,1448121570,1448121570,1,1),(14592227,'Create Three Way Timesheets','Create_3Way_Timesheets','createThreeWayTimesheets','Three_Way',1,21612779,1444488560,1444488560,1,1),(14956208,'Update Approval List','Update_Approval_List','','Clock_In/Out',1,39353954,1448981120,1448981120,1,1),(15679447,'Completed List Two Timesheets','Completed_List_2Way_Timesheets','','Two_Way',1,22458802,1444488377,1444488377,1,1),(15996544,'Resend Email Completed One Way Timesheets','Resend_Email_Completed_1Way_Timesheets','','One_Way',1,17948919,1444487441,1444487441,1,1),(16657762,'Birds Eye','Birds_Eye','','Staff_Management',1,22660106,1444717592,1444717592,1,1),(16788033,'Invoice One Way Timesheets','Invoice_1Way_Timesheets','','One_Way',1,36509157,1444486922,1444486922,1,1),(16789940,'View Details Payroll Account','View_Details','','Payroll_Accounts',1,40217171,1444718718,1444718718,1,1),(16822303,'New Privilege','my key','addContact','Contact',0,2233423,1444040333,1444040333,1,1),(17173076,'View Employee Timesheets','View_Employee_Timesheet','','Payroll_Accounts',1,17447964,1444718938,1444718938,1,1),(17323981,'Company Profile','Company_Profile','','Admin',1,30297951,1444717829,1444717829,1,1),(17345553,'Invoice Completed Two Way Timesheets','Invoice_Completed_2Way_Timesheets','','Two_Way',1,4510251,1444488424,1444488424,1,1),(17976196,'Copy To Payroll Folder Two Way Timesheets','Copy_Payroll_Folder_Two_Way_Timesheets','','Two_Way',1,19158877,1444488235,1444488235,1,1),(18550238,'Invoice Three Way Timesheets','Invoice_3Way_Timesheets','','Three_Way',1,35399086,1444488642,1444488642,1,1),(19291442,'Create One Way Timesheets','Create_1Way_Timesheets','createOneWayTimesheets','One_Way',1,29570622,1444485732,1444485732,1,1),(19319456,'Dispatch Payroll','Dispatch_Payroll','','SpeedyPayrolls',1,25829911,1444718064,1444718064,1,1),(19552026,'Archives Timesheet Approvals','Archives_Timesheet_Approvals','','Timesheet_Approvals',1,27853899,1444717018,1444717018,1,1),(19879092,'Create Two Way Timesheets','Create_2Way_Timesheets','createTwoWayTimesheets','Two_Way',1,43627012,1444487960,1444487960,1,1),(20163763,'New Test Privilege','some_key','','Payroll_Accounts',1,13255494,1445340076,1445340076,1,1),(20363757,'Current List Two Way Timesheets','Current_List_2Way_TImesheets','','Two_Way',1,12057790,1444488062,1444488062,1,1),(20363768,'Create Two Way Contract','Create_Two_Way_Contract','','Two_Way',1,18135535,1444488141,1444488141,1,1),(21330136,'Invoice Completed Non Billable Timesheets','Invoice_Completed_Non_Billable_Timesheets','','Non_Billable',1,37212981,1444489067,1444489067,1,1),(22122850,'Create Two Way Contract In','Create_Two_Way_Contract_In','createTwoWayContractIn','Two_Way',1,10547107,1444487731,1444487731,1,1),(22809635,'Contact List','Contact_List','','Account',1,26146323,1444718165,1444718165,1,1),(23484903,'Create Non Billable Timesheets','Create_Non_Billable_Timesheets','createNonBillableTimesheets','Non_Billable',1,54597990,1444488824,1444488824,1,1),(24973557,'Change Password','Change_Password','','Staff_Management',1,26547775,1444717356,1444717356,1,1),(25277821,'Export Employee Data','Export_Employee_Data','','Staff_Management',1,18663726,1444717482,1444717482,1,1),(26768204,'Update One Way Timesheets','Update_1Way_Timesheets','','One_Way',1,4756154,1444486887,1444486887,1,1),(27681696,'Edit Employee Profile','Edit_Employee_Profile','','Staff_Management',1,17733880,1444717229,1444717229,1,1),(27726508,'Payroller Employees','Payroller_Employees','','Payroll_Accounts',1,42956781,1444718993,1444718993,1,1),(28349699,'View All SpeedyPayrolls','View_All_SpeedyPayrolls','','SpeedyPayrolls',1,12483378,1444717987,1444717987,1,1),(28682030,'Issue Payslips Payroller','Issue_Payslips_Payroller','','Payslips',1,39253766,1444719170,1444719170,1,1),(29495482,'Create Two Way Contract Out','Create_Two_Way_Contract_Out','createTwoWayContractOut','Two_Way',1,18135524,1444487565,1444487565,1,1),(29724587,'Delete Contact','Delete_Contact','','Contact',1,42563421,1444718349,1444718349,1,1),(30838768,'Create 3 Way Contract','Create_3Way_Contract','createThreeWayContract','Three_Way',1,40319037,1446050540,1446050540,1,1),(33469358,'Edit Profile Account','Edit_Profile_Account','','Account',1,11394705,1444718139,1444718139,1,1),(33569985,'General Report','General_Report','','Clock_In/Out',1,30149333,1448002965,1448002965,1,1),(33988437,'Company Privilege','New Key','addContract','Contact',0,2233423,1444046986,1444046986,1,1),(34324662,'Current List Non Billable Timesheets','Current_List_Non_Billable_Timesheets','','Non_Billable',1,2836343,1444488869,1444488869,1,1),(34344361,'Add Non Billable Contract','Add_Non_Billable_Contract','','Non_Billable',1,42956658,1444717116,1444717116,1,1),(34527276,'Set Clock In/Out','Set_Clock_In/Out','','Clock_In/Out',1,2176227,1447163207,1447163207,1,1),(35192725,'View Employee Contract','View Employee Contract','','Staff_Management',1,13723079,1444717321,1444717321,1,1),(37335715,'My Report','My_Report','','Clock_In/Out',1,40789030,1448002930,1448002930,1,1),(37630514,'Edit Profile','Edit_Profile','','Admin',1,22979669,1444717873,1444717873,1,1),(38463626,'Completed List Non Billable Timesheets','Completed_List_Non_Billable_Timesheets','','Non_Billable',1,2360845,1444489025,1444489025,1,1),(39367122,'Payslips Archive','Payslips_Archive','','Payslips',1,15995958,1444719035,1444719035,1,1),(39579242,'Change Admin Password','Change_Admin_Password','','Admin',1,42580312,1444717931,1444717931,1,1),(39630659,'Issue Payslips','Issue_Payslips','','Payslips',1,39253766,1444719061,1444719061,1,1),(40517922,'Instant Approve Non Billable Timesheets','Instant_Approve_Non_Billable_Timesheets','','Non_Billable',1,37549521,1444488968,1444488968,1,1),(41067917,'Request Payroll Non Billable Timesheets','Request_Payroll_Non_Billable_Timesheets','','Non_Billable',1,22870911,1444489145,1444489145,1,1),(41775559,'Update Contract','Update_Contract','','',1,10998925,1447319688,1447319688,1,1),(41803431,'Completed List Three Way Timesheets','Completed_List_3Way_Timesheets','','Three_Way',1,41772234,1444488755,1444488755,1,1),(42210626,'Add Employee','Add_Employee','createEmployee','Staff_Management',1,11978044,1444717519,1444717519,1,1),(42331838,'Copy To Payroll Folder Non Billable Timesheets','Copy_Payroll_Folder_Non_Billable_Timesheets','','Non_Billable',1,8258357,1444489112,1444489112,1,1),(42401952,'Preferences','Preferences','','Admin',1,30385682,1444717666,1444717666,1,1),(42792095,'View Employees Payroll Accounts','View_Employees','','Payroll_Accounts',1,40945380,1444718810,1444718810,1,1),(43526509,'Current List One Way Timesheets','Current_List_1Way_Timesheets','','One_Way',1,10332230,1444486100,1444486100,1,1),(44105321,'Create Three Way Contract','Create_3Way_Contract','createThreeWayContract','Three_Way',1,36932548,1444488513,1444488513,1,1),(44895954,'Employee Add','Some Key','getItems','Contact',1,35407432,1444229063,1444229063,1,1),(46075523,'View Contact','View_Contact','','Contact',1,26146323,1444718301,1444718301,1,1),(46112685,'New Invoice','New_Invcoice','createNewInvoice','Admin',1,4978970,1444717711,1444717711,1,1),(46449854,'Update Approval List','Update_Approval_List','','Clock_In/Out',1,15317554,1449063862,1449063862,1,1),(47015925,'Approve Timesheet Request','Approve_Timesheet_Request','','Clock_In/Out',1,45508631,1448378801,1448378801,1,1),(49312120,'Approval List','Approval_List','','Clock_In/Out',1,12472546,1447163334,1447163334,1,1),(49472927,'Get Employee','Get_Employee','','',1,15508514,1448124604,1448124604,1,1),(51093196,'Company Shifts List','Company_Shifts_List','','Company Shifts',1,13192734,1447163901,1447163901,1,1),(51711404,'Companies','Companies','','Payroll_Accounts',1,17193688,1444718407,1444718407,1,1),(53223032,'Current List Three Way Timesheets','Current_List_3Way_Timesheets','','Three_Way',1,43437490,1444488607,1444488607,1,1),(54507479,'Instant Approve Two Way Timesheets','Instant_Approve_2Way_Timesheets','','Two_Way',1,21867735,1444488179,1444488179,1,1);

/*Data for the table `sp_privilege_groups` */

insert  into `sp_privilege_groups`(`id`,`group`) values (905519,'Two_Way'),(15616423,'Non_Billable'),(17117812,'Company Shifts'),(18315176,'Timesheet_Approvals'),(28869145,'Account'),(29315456,'One_Way'),(30350180,'Epayslips'),(31275786,'Contact'),(35530143,'Payslips'),(42440754,'Staff_Management'),(42686431,'SpeedyPayrolls'),(43720102,'Three_Way'),(48465085,'Payroll_Accounts'),(49818216,'Clock_In/Out'),(91173899,'Admin');

/*Data for the table `sp_cms` */

insert  into `sp_cms`(`id`,`title`,`slug`,`content`,`type`,`sort`,`is_created`,`is_modified`,`user_modified`) values (3,'Default Email Template','SiteEmailBody','<div bgcolor=\"#FFFFFF\" style=\"margin: 0;padding: 0;font-family: &quot;Helvetica Neue&quot;,&quot;Helvetica&quot;,Helvetica,Arial,sans-serif;-webkit-font-smoothing: antialiased;-webkit-text-size-adjust: none;height: 100%;width: 100%!important;\">\n \n<table class=\"head-wrap\" style=\"margin: 0;padding: 0;font-family: &quot;Helvetica Neue&quot;,&quot;Helvetica&quot;,Helvetica,Arial,sans-serif;width: 100%;\">\n<tr style=\"margin: 0;padding: 0;font-family: &quot;Helvetica Neue&quot;,&quot;Helvetica&quot;,Helvetica,Arial,sans-serif;\">\n<td style=\"margin: 0;padding: 0;font-family: &quot;Helvetica Neue&quot;,&quot;Helvetica&quot;,Helvetica,Arial,sans-serif;\"></td>\n<td class=\"header container\" style=\"margin: 0 auto!important;padding: 0;font-family: &quot;Helvetica Neue&quot;,&quot;Helvetica&quot;,Helvetica,Arial,sans-serif;display: block!important;max-width: 600px!important;clear: both!important;\">\n<div class=\"content\" style=\"margin: 0 auto;padding: 15px;font-family: &quot;Helvetica Neue&quot;,&quot;Helvetica&quot;,Helvetica,Arial,sans-serif;max-width: 600px;display: block;\">\n\n</div>\n</td>\n<td style=\"margin: 0;padding: 0;font-family: &quot;Helvetica Neue&quot;,&quot;Helvetica&quot;,Helvetica,Arial,sans-serif;\"></td>\n</tr>\n</table> \n \n<table class=\"body-wrap\" style=\"margin: 0;padding: 0;font-family: &quot;Helvetica Neue&quot;,&quot;Helvetica&quot;,Helvetica,Arial,sans-serif;width: 100%;\">\n<tr style=\"margin: 0;padding: 0;font-family: &quot;Helvetica Neue&quot;,&quot;Helvetica&quot;,Helvetica,Arial,sans-serif;\">\n<td style=\"margin: 0;padding: 0;font-family: &quot;Helvetica Neue&quot;,&quot;Helvetica&quot;,Helvetica,Arial,sans-serif;\"></td>\n<td class=\"container\" bgcolor=\"#FFFFFF\" style=\"margin: 0 auto!important;padding: 0;font-family: &quot;Helvetica Neue&quot;,&quot;Helvetica&quot;,Helvetica,Arial,sans-serif;display: block!important;max-width: 600px!important;clear: both!important;\">\n<div class=\"content\" style=\"margin: 0 auto;padding: 15px;font-family: &quot;Helvetica Neue&quot;,&quot;Helvetica&quot;,Helvetica,Arial,sans-serif;max-width: 600px;display: block;\">\n<table style=\"margin: 0;padding: 0;font-family: &quot;Helvetica Neue&quot;,&quot;Helvetica&quot;,Helvetica,Arial,sans-serif;width: 100%;\">\n<tr style=\"margin: 0;padding: 0;font-family: &quot;Helvetica Neue&quot;,&quot;Helvetica&quot;,Helvetica,Arial,sans-serif;\">\n<td style=\"margin: 0;padding: 0;font-family: &quot;Helvetica Neue&quot;,&quot;Helvetica&quot;,Helvetica,Arial,sans-serif;\">\n[{BODYCONTENT}]\n</td>\n</tr>\n</table>\n</div>','email',1,NULL,NULL,NULL),(4,'Newsletter Email','NewsLetter1','<div> Dear [{NAME}]<br/><br/>\r\nLorum Ipsum Dollar<br/><br/>\r\n</div>','email',NULL,NULL,NULL,NULL),(5,'About Us','about-us','<div class=\"contact-box\">\r\n<div class=\"rounded-rectangle-3\">\r\n<div class=\"contact-box-sap\">\r\n<div class=\"contact-box-heading\">DirectInterconnect is owned operated by DirectInterconnect, Inc.</div>\r\n</div>\r\n<div class=\"contact-info\">\r\n<ul class=\"contact-list\">\r\n<li>For additional general information go to:<span> info@directinterconnect.com</span></li>\r\n<li>For customer support go to:<span> support@directinterconnect.com</span></li>\r\n<li>For partnership opportunites go to: <span>Partnerships@directinterconnect.com</span></li>\r\n<li>And for advertising rates and information go to: <span>advertising@DirectInterconnect.com</span></li>\r\n</ul>\r\n</div>\r\n</div>\r\n</div>\r\n<p><span class=\"fist-word\">B</span>DirectInterconnect&trade; is a social media/broadcasting platform that enables users to broadcast live streaming videos at any time from/to mobile devices, the web and/or TV., DirectInterconnect allows a member to create their own &ldquo;DirectInterconnect Channel&rdquo; or chose to watch from thousands of live streams that are keyword or location searchable.<br /> DirectInterconnect&trade; users can &ldquo;follow&rdquo; a DirectInterconnect member and receive a notification on their mobile device and/or web when that individual is broadcasting or DirectInterconnect&trade; users can also search for other users via the DirectInterconnect keyword searchable/friend-able database. DirectInterconnect&trade; is an advertising supported service and has strong built-in appropriate content protections. The DirectInterconnect&trade; streaming video platform is designed to support an advertising revenue sharing model where by celebrities, athletes and others who have a strong &ldquo;following&rdquo; can extend and further monetize their brand through &ldquo;lifecasting&rdquo;.</p>','page',10,'2013-10-11 08:21:22','2013-10-11 08:21:22',1),(6,'Terms & Condition','terms-condition','<div class=\"contact-box\">\r\n<div class=\"rounded-rectangle-3\">\r\n<div class=\"contact-box-sap\">\r\n<div class=\"contact-box-heading\">DirectInterconnect is owned operated by DirectInterconnect, Inc.</div>\r\n</div>\r\n<div class=\"contact-info\">\r\n<ul class=\"contact-list\">\r\n<li>For additional general information go to:<span> info@DirectInterconnect.com</span></li>\r\n<li>For customer support go to:<span> support@DirectInterconnect.com</span></li>\r\n<li>For partnership opportunites go to: <span>Partnerships@DirectInterconnect.com</span></li>\r\n<li>And for advertising rates and information go to: <span>advertising@DirectInterconnect.com</span></li>\r\n</ul>\r\n</div>\r\n</div>\r\n</div>\r\n<p><strong>1. &nbsp;Introduction</strong><br /> Please read these <strong>Terms</strong> of <strong>Service</strong> (\"<strong>Terms</strong>\") carefully before using the \"Services.\" &nbsp;The \"<strong><span style=\"text-decoration: underline;\">Services</span></strong>\" means the websites, mobile applications, software, and services controlled, whether partially or otherwise, by DirectInterconnect and its affiliates and subsidiaries, including but not limited to DirectInterconnect.com (DirectInterconnect&trade;), (hereinafter collectively &ldquo;DirectInterconnect&rdquo;).<br /> These <strong>Terms</strong> include DirectInterconnect&rsquo;s Privacy Statement, which is incorporated by reference into these <strong>Terms</strong>.&nbsp; This agreement is a legally binding contract. &nbsp;It may change as our business changes, and you agree you will review it and any updates regularly. &nbsp;<strong>Your continued use of the Services means you accept any changes. </strong><br /> <strong>Binding Agreement.</strong> &nbsp;These <strong>Terms</strong> constitute a binding agreement between you and DirectInterconnect and its affiliates, subsidiaries, brands, vendors, and any others engaged by us to provide services (\"<strong><span style=\"text-decoration: underline;\">DirectInterconnect</span></strong>,\" \"<strong><span style=\"text-decoration: underline;\">we</span></strong>,\" \"<strong><span style=\"text-decoration: underline;\">us</span></strong>\") and govern your use of the Services. &nbsp;\"<strong><span style=\"text-decoration: underline;\">You</span></strong>\" and \"<strong><span style=\"text-decoration: underline;\">users</span></strong>\" shall mean all visitors to the Services. &nbsp;You represent and agree that you are at least 13 years of age and otherwise able to enter into a valid, binding agreement.&nbsp; You accept these <strong>Terms</strong> each time you access the Services. &nbsp;If you do not accept these <strong>Terms</strong>, you must not use the Services.<br /> <strong>Revisions to </strong><strong>Terms.</strong> &nbsp;We may revise these <strong>Terms</strong> at any time by posting an updated version to this web page. &nbsp;You should visit this page periodically to review the most current <strong>Terms</strong>, because you are bound by them. &nbsp;No modifications to these <strong>Terms</strong> shall apply to any dispute between you and DirectInterconnect that arose prior to the date of such modification. &nbsp;Your continued use of the Services after a change to these <strong>Terms</strong> constitutes your binding acceptance of these <strong>Terms</strong>. &nbsp;If you are dissatisfied with the Services, their content, the <strong>Terms</strong> or the Privacy Statement, then you agree that your sole and exclusive remedy is to discontinue your use.<br /> The <strong>terms</strong> \"<strong><span style=\"text-decoration: underline;\">post</span></strong>\" or \"<strong><span style=\"text-decoration: underline;\">posting</span></strong>\" as used in these <strong>Terms</strong>shall mean the act of submitting, uploading, publishing, displaying, or similar action on the Services.</p>\r\n<div class=\"clearfix\">&nbsp;</div>\r\n<div class=\"privecy-pol\">\r\n<p><strong>2. &nbsp;Eligibility to Use the Services</strong><br /> No part of the Services is directed to persons under the age of 13. &nbsp;IF YOU ARE UNDER 13 YEARS OF AGE, PLEASE DO NOT USE OR ACCESS THE SERVICES.<br /> <strong>Agent of a Company, Entity, or Organization.</strong> &nbsp;If you are using the Services on behalf of a company, entity, or organization (collectively \"<strong><span style=\"text-decoration: underline;\">Organization</span></strong>\"), then you represent and warrant that you:</p>\r\n<ul>\r\n<li>are an authorized representative of that Organization;</li>\r\n<li>have the authority to bind that Organization to these <strong>Terms</strong>; and</li>\r\n<li>agree to be bound by these <strong>Terms</strong> on behalf of that Organization.</li>\r\n</ul>\r\n<p><strong>3. &nbsp;The Services</strong><br /> Members of DirectInterconnect, and/or the general public may view live streaming videos posted to&nbsp; DirectInterconnect service via the DirectInterconnect Website, and/or via the DirectInterconnect apps on mobile devices.&nbsp; All DirectInterconnect content is to be kept appropriate for general audiences.&nbsp; DirectInterconnect prohibits streaming of defamatory, hateful, vulgar, indecent, obscene, and pornographic content or explicitly sexual content involving a minor. &nbsp;DirectInterconnect does not allow frontal nudity or exposed breasts and/or buttocks.&nbsp;&nbsp;DirectInterconnect reserves the right to remove any content found to be inappropriate and/or offensive.&nbsp;&nbsp;Violations of the Terms of Use of DirectInterconnect may result in a warning notification or termination of an account.&nbsp;&nbsp;<strong>If your account is terminated you are prohibited from creating any new accounts.</strong></p>\r\n<p>The Services provide platforms where you can engage with DirectInterconnect; Live stream videos, watch videos, participate in our communities, discover videos around you, and benefit from our merchants&rsquo; NearbySuperDeals&trade;.&nbsp; We do not charge you to use the Services, but may charge for aspects or features of the Services that you may access.&nbsp; <br /> <strong>Fees.</strong> &nbsp;We currently do not charge you to use the Services. &nbsp;Different features and functionality of the Services may have separate fees or charges which may change from time to time.<br /> You may only connect mobile and commuting devices that you own, lease, or otherwise have legal authorization to connect to your account.<strong></strong></p>\r\n<p>Please do not use the Services to send content or messages to individuals without their permission.</p>\r\n<p><strong>Share DirectInterconnect Content.</strong> &nbsp;You may be able to use the Services to send email or other messaging with the \"DirectInterconnect Content\" (as defined in Section 9 below) you access on the Services. &nbsp;You acknowledge and agree that you will send email only to individuals who have given you their express permission to be contacted. &nbsp;You agree that you will not send unsolicited marketing messages or broadcasts (i.e., spam) using the Services. &nbsp;If you believe spam originated from the Services, please email us at privacy@DirectInterconnect.com.<br /> <strong>Events and Promotions.</strong> &nbsp;We and third parties on our behalf may run promotions, including sweepstakes and contests, using third-party <strong>service</strong> providers. &nbsp;The specific rules and regulations governing promotions will vary, and your participation constitutes your agreement to abide by those rules and regulations.<br /> <br /> <strong>4. &nbsp;Purchasing Products and Services on the Services</strong><br /> We may allow you to purchase products and services using the Services. &nbsp;We may change the product and <strong>service</strong> specifications, availability, or prices at any time. &nbsp;You are obligated to pay your own sales tax and <strong>service</strong> charges, and you must pay your own payment processing fees.</p>\r\n<p><strong>Products\' and Services\' Descriptions and Specifications.</strong> &nbsp;DirectInterconnect attempts to be as accurate as possible when describing its products and services. &nbsp;However, DirectInterconnect does not warrant that product or <strong>service</strong> descriptions or specifications are accurate, complete, reliable, current, or error-free. &nbsp;All descriptions and specifications are subject to change at any time without notice.<br /> <strong>Payment for Subscriptions and Services.</strong> &nbsp;You may be able to subscribe to services on the Services. Additional <strong>terms</strong> and conditions may apply and subscription fees may be due in advance and change at any time. &nbsp;An auto-payment account will be set up with us for your subscription and we will automatically charge it to pay for your subscription. &nbsp;We will continue to charge the payment account you provided to pay for the subscription until your <strong>service</strong> ends, is cancelled, or you choose a different payment account. &nbsp;Once you place your payment account on file with us, we may receive automatic updates of that account information from the financial institution to keep our information current. &nbsp;If you fail to pay in advance, we may terminate or suspend your subscription services.<br /> <strong>Taxes and Fees.</strong> &nbsp;You are responsible for determining and paying the appropriate government taxes, fees, and <strong>service</strong> charges resulting from a transaction occurring through the Services. &nbsp;DirectInterconnect is not responsible for collecting, reporting, paying, or remitting to you any such taxes, fees, or <strong>service</strong> charges.<br /> <strong>Fees Charged by Third-Party Payment Processors.</strong> &nbsp;The Services may use third parties to process payments. &nbsp;Use of such third-party payment services is subject to their <strong>terms</strong> and conditions of use. &nbsp;Those third parties may charge fees to process payments, and DirectInterconnect is not responsible for any fees charged by them. &nbsp;DirectInterconnect disclaims all liability with regards to any fees or problems you have with third-party payment processors.<br /> <strong>United States Dollars.</strong> &nbsp;All monetary transactions on the Services take place in U.S. dollars.<br /> <strong>Availability.</strong> &nbsp;Availability of a product or <strong>service</strong> may change without notice.<br /> <br /><strong>5. &nbsp;Other Services Available From the Services</strong><br /> The Services may provide access to co-branded, third-party websites and services and other websites or services that have additional legal <strong>terms</strong> and conditions (\"<span style=\"text-decoration: underline;\">Other Services</span>\").&nbsp; <br /> The Services may enable access to Other Services. &nbsp;Use of the Other Services may require that you accept additional or different <strong>terms</strong> of <strong>service</strong>. &nbsp;Where these <strong>Terms</strong> conflict with those <strong>terms</strong> of <strong>service</strong>, those <strong>terms</strong> of <strong>service</strong> control. &nbsp;You agree to use the Other Services subject to any additional <strong>terms</strong> and conditions.<br /> <strong>Third-Party Functionality.</strong> &nbsp;Some functionality of the Services is provided via WNM Live, a service operated by a third-party company, SynergeTech Solutions, Inc. (\"SynergeTech Solutions\").&nbsp; Your personal information will be shared with and securely stored by SynergeTech Solutions under the terms of their service agreements.&nbsp; Your acceptance of this agreement also constitutes an acceptance of SynergeTech Solutions\'&nbsp;<em>Terms of Service Agreement </em>available at&nbsp;<a href=\"http://www.wnmlive.com/legal/user-agreement\">http://www.wnmlive.com/legal/user-agreement</a>, <em>Privacy Policy Agreement</em>&nbsp;available at <a href=\"http://www.wnmlive.com/legal/privacy\">http://www.wnmlive.com/legal/privacy</a>, and the&nbsp;<em>Acceptable Use Agreement</em>&nbsp;available at <a href=\"http://www.wnmlive.com/legal/acceptable-use\">http://www.wnmlive.com/legal/acceptable-use</a>.&nbsp; By accepting this agreement, you are acknowledging that you have read these three (3) agreements and consent to be bound by the terms specified within.<br /> The Services may also allow you to use third-party content and functionality, such as Facebook\'s \"like\" or Twitter\'s \"tweet\" functions.&nbsp; You use such content or functionality subject to such third parties\' <strong>terms</strong> and conditions.<br /> <strong>Third-Party Websites.</strong> &nbsp;The Services may include links to third-party websites and applications. &nbsp;You are responsible for evaluating whether you want to access or use them. &nbsp;We are not responsible for and do not endorse any features, content, advertising, products, or other materials on other websites or applications. You assume all risk and we disclaim all liability arising from your use of them.<br /> <br /><strong>6. &nbsp;Privacy and Data Use</strong><br /> Read our Privacy Statement to learn about our data practices.</p>\r\n<p>By subscribing to some of the services accessible from the Services, you consent to our collection of information from your mobile or computing device, including its location.</p>\r\n<p><strong>Privacy.</strong> &nbsp;Use of the Services is governed by our Privacy Statement, which can be found here: <span style=\"text-decoration: underline;\">Privacy Statement</span>. &nbsp;Please read the Privacy Statement carefully to learn about how we collect, use, and disclose information about you, including information about your location that can be used or accessed by third parties.<br /> <strong>Consent to Use of Data.</strong> &nbsp;You agree that DirectInterconnect may collect and use technical data and related information, including, but not limited to, information about your mobile device that is gathered periodically to facilitate the provision of the Services, software updates, and product support and development. <br /> <strong>Location Information.</strong> &nbsp;You acknowledge and agree that the Services may <strong>display location</strong>-related information collected from your mobile or computing device when you use the Services and when you subscribe to Other Services. &nbsp;You also acknowledge and agree that the Services may link such location-related information to other information that you provide to the Services, or that may be collected through your use of the Services or Other Services. &nbsp;Neither DirectInterconnect, nor any of our content providers, guarantees the availability, accuracy, completeness, reliability, or timeliness of location data we collect or display. &nbsp;DirectInterconnect may use and disclose this and other information you provide for a variety of purposes as set forth in our Privacy Statement.<br /> <br /><strong>7. &nbsp;Communications</strong><br /> DirectInterconnect may communicate with you for customer-<strong>service</strong>, informational, and marketing purposes.&nbsp; You acknowledge and agree that you are opting in for the Services and all DirectInterconnect communications. &nbsp;You may opt out of receiving some communications.&nbsp; We may send you notifications, with your permission.</p>\r\n<p><strong>Customer-</strong><strong>Service, Informational, and Marketing Communications.</strong> &nbsp;You agree to receive email from us at the email address you provided to us for customer <strong>service</strong> related to the Services. &nbsp;We may also send you special offers based on your selected interests. &nbsp;You may opt not to receive such promotional emails from us at any time by clicking on the unsubscribe link in each email.<br /> <strong>Notifications from the Services.</strong> &nbsp;By installing DirectInterconnect on your wireless device you acknowledge and agree that you are requesting we communicate information to you by notification, and you consent to receive notifications via your wireless device as requested. &nbsp;We do not charge a fee for notifications; however, data and other fees may be charged by your wireless <strong>service</strong> carrier. &nbsp;You are responsible for these charges. &nbsp;You may turn off or unsubscribe from these notifications; however, the manner in which individual wireless devices allow you to turn off or unsubscribe from notifications may vary.&nbsp; You are responsible for determining how your wireless device supports this function. &nbsp;We may send notifications through cellular telephone operators or other networks, and the level of reliability may vary. &nbsp;DirectInterconnect is not responsible for the timeliness or final delivery of the notification, as this is out of our control and is the responsibility of the cellular telephone operator or other networks.<br /> <strong>Notices.</strong> &nbsp;DirectInterconnect may provide you with notices by electronic mail, regular mail, notifications, or postings through the Services. &nbsp;You are obligated to provide DirectInterconnect with a valid e-mail address for so long as you continue to use the Services.<br /> <br /><strong>8. &nbsp;Your Account</strong><br /> You are responsible for your log-in credentials and for keeping your information accurate.</p>\r\n<p>You are responsible for any activity resulting from the use of your log-in credentials on the Services. <br /> You may be able to register to use certain areas of the Services. &nbsp;You represent and warrant that the information you provide to DirectInterconnect upon registration and at all other times will be true, accurate, current, and complete. &nbsp;You also represent and warrant that you will ensure that this information is kept accurate and up-to-date at all times.<br /> <strong>Your Log-In Credentials.</strong> &nbsp;As a registered user, you will have log-in information, including a username and password. &nbsp;Your account is personal to you, and you may not share your account information with, or allow access to your account by, any third party. &nbsp;As you will be responsible for all activity that occurs under your access credentials, you should take care to preserve the confidentiality of your username and password, and any device that you use to access the Services.<br /> You agree to notify us immediately of any breach in secrecy of your log-in information. &nbsp;If you have any reason to believe that your account information has been compromised or that your account has been accessed by a third party, you agree to immediately notify DirectInterconnect by e-mail to <a href=\"mailto:privacy@FullCircle.net\">privacy@DirectInterconnect.com</a>.&nbsp; You will be solely responsible for the losses incurred by DirectInterconnect and others due to any unauthorized use of your account.<br /> <br /><strong>9. &nbsp;DirectInterconnect&rsquo;s Content Ownership and Use</strong><br /> DirectInterconnect and our licensors own all of the content on the Services, but you may use it while you use the Services. &nbsp;You cannot use our logo without our written permission.&nbsp; The contents of the Services include: designs, text, graphics, images, video, information, logos, button icons, software, audio files, computer code, components licensed to DirectInterconnect by third parties, and other DirectInterconnect content (collectively, \"<strong><span style=\"text-decoration: underline;\">DirectInterconnect Content</span></strong>\"). &nbsp;All DirectInterconnect Content and the compilation (meaning the collection, arrangement, and assembly) of all DirectInterconnect Content are the property of DirectInterconnect or its licensors and are protected under copyright, trademark, and other laws in the United States and other countries.</p>\r\n<p><strong>License to You.</strong> &nbsp;We authorize you, subject to these <strong>Terms</strong>, to access and use the Services and the DirectInterconnect Content solely for the personal, non-commercial use of DirectInterconnect&rsquo;s services, at our discretion. We also grant you a non-exclusive, non-transferable, non-sublicensable, limited license to install and use any software applications and upgrades provided by DirectInterconnect solely for your personal, non-commercial use on devices that you own or control as permitted by these <strong>Terms</strong>. &nbsp;Any other use is expressly prohibited. &nbsp;This license is revocable at any time without notice and with or without cause. &nbsp;Unauthorized use of the DirectInterconnect Content may violate copyright, trademark, and applicable communications regulations and statutes and is strictly prohibited. &nbsp;You must preserve all copyright, trademarks, <strong>service</strong> marks, and other proprietary notices contained in the original DirectInterconnect Content on any copy you make of the DirectInterconnect Content.<br /> <strong>DirectInterconnect Marks.</strong> &nbsp;\"DirectInterconnect,\" the DirectInterconnect logo, and other DirectInterconnect brand logos and product and <strong>service</strong> names are or may be trademarks of DirectInterconnect (the \"<strong><span style=\"text-decoration: underline;\">DirectInterconnect Marks</span></strong>\"). &nbsp;You are not granted a license with respect to any DirectInterconnect Marks other than the limited license above. &nbsp;Without our prior written permission, and except as solely enabled by any link as provided by us, you agree not to display or use in any manner the DirectInterconnect Marks.<br /> Your rights under this license will terminate automatically without notice from DirectInterconnect if you fail to comply with these <strong>Terms</strong>. &nbsp;Upon termination of the license, you shall cease all use of the Services, including any software, and immediately destroy any downloaded or printed materials.<br /> <br /><strong>10. &nbsp;User Content and Intellectual Property Rights</strong><br /> You, or the people who allow you to use their content, own all of the content you post using the Services. &nbsp;However, we may use it for any purpose, including in our marketing materials. &nbsp;We may also modify your content to make it work better on the Services.&nbsp; It is very important that you have permission to use other people\'s content or they may be able to sue you for violating their legal rights.</p>\r\n<p><strong>DirectInterconnect Claims No Ownership.</strong> &nbsp;The Services may provide you with the ability to create, post, or share content (\"<strong><span style=\"text-decoration: underline;\">Your User Content</span></strong>\"). &nbsp;You or a third-party licensor, as appropriate, retain all intellectual property rights to Your User Content. &nbsp;You are responsible for protecting those rights.<br /> <strong>DirectInterconnect&rsquo;s Use of Your User Content.</strong> &nbsp;By posting Your User Content on or through the Services, you grant DirectInterconnect a world-wide, non-exclusive, perpetual, royalty-free license to use, modify, remove, publish, transmit, or display Your User Content for any purpose, without compensation to you, including for the purposes of promoting DirectInterconnect and our products and services and to sublicense its use off the Services.<br /> You waive any rights you may have regarding Your User Content being altered or manipulated in any way that may be objectionable to you. &nbsp;We reserve the right to refuse to accept, post, display, or transmit any of Your User Content in our sole discretion. &nbsp;DirectInterconnect cannot control how third parties who may have received Your User Content may continue their use of Your User Content.<br /> <strong>Advertisements with Your User Content.</strong> &nbsp;The Services may display advertisements and other information adjacent to or included with Your User Content. &nbsp;You are not entitled to any compensation for such advertisements.<br /> <strong>You Acquire No Ownership of Others\' Content.</strong> &nbsp;You understand and agree that you will not obtain, through use of the Services, any right, title, or interest (including intellectual property rights) in content delivered via the Services.<br /> <strong>Re-posting User Content.</strong> &nbsp;You agree that users of the Services may view and redistribute Your User Content without compensation to you. &nbsp;Other users may be able to add their own content before or after Your User Content. &nbsp;Such users do not obtain any rights to Your User Content, and you are responsible for protecting those rights.<br /> <strong>You Must Have Rights to the Content You Post.</strong> &nbsp;You represent and warrant that: (i) you own, or have the right to grant the license set forth in these <strong>Terms</strong>, the content you post on or through the Services, (ii) the posting of Your User Content on or through the Services does not violate any rights, including intellectual property or contractual rights, of any person or entity, and (iii) Your User Content is non-confidential and non-proprietary. &nbsp;You agree to pay all monies owing to any person as a result of posting Your User Content on the Services.<br /> The Services may contain content from users and other DirectInterconnect licensors. &nbsp;Except as provided within these <strong>Terms</strong>, you may not copy, modify, translate, publish, broadcast, transmit, distribute, perform, display, or sell any content appearing on or through the Services.<br /> <br /><strong>11. &nbsp;Copyright Policy</strong><br /> Tell us if you think a user has violated your copyright using the Services, or if you think someone incorrectly reported that you violated his or her copyright.&nbsp; We respect the intellectual property rights of others. &nbsp;Materials may be posted and made available on the Services by third parties not within our control. &nbsp;The Digital Millennium Copyright Act of 1998 (the \"DMCA\") provides recourse for copyright owners who believe that material appearing on the Internet infringes their rights under U.S. copyright law.&nbsp; If you believe in good faith that materials posted on the Services infringe your copyright, you (or your agent) may send us a \"Notification of Claimed Infringement\" requesting that the material be removed, or access to it blocked. &nbsp;The notice must include the following information:</p>\r\n<ol>\r\n<li>A physical or electronic signature of a person authorized to act on behalf of the owner of the works that have been allegedly infringed;</li>\r\n<li>Identification of the copyrighted work alleged to have been infringed (or if multiple copyrighted works located on the Services are covered by a single notification, a representative list of such works);</li>\r\n<li>Identification of the specific material alleged to be infringing or the subject of infringing activity, and information reasonably sufficient to allow us to locate the material on the Services;</li>\r\n<li>Your name, address, telephone number, and email address (if available);</li>\r\n<li>A statement that you have a good faith belief that use of the material in the manner complained of is not authorized by the copyright owner, its agent, or the law; and</li>\r\n<li>A statement that the information in the notification is accurate, and under penalty of perjury, that the complaining party is authorized to act on behalf of the owner of an exclusive right that is allegedly infringed.</li>\r\n</ol>\r\n<p>&nbsp;</p>\r\n<p>If you believe in good faith that a notice of copyright infringement has been wrongly filed against you, the DMCA permits you to send us a counter-notice. &nbsp;Consult your legal advisor and see 17 U.S.C. 512 before filing a notice or counter-notice as there are penalties for false claims under the DMCA. &nbsp;Notices and counter-notices must meet the then-current statutory requirements imposed by the DMCA; see http://www.loc.gov/copyright/ for details. &nbsp;Notices and counter-notices with respect to the Services should be sent to: &nbsp;DirectInterconnect at 727 Elden Street, 2nd Floor, Herndon, VA&nbsp; 20170 and by email to:&nbsp; <a href=\"mailto:copyrights@FullCircle.net\">copyrights@DirectInterconnect.com</a>.<br /> <br /><strong>12. &nbsp;User Content Disclaimers, Limitations, and Prohibitions</strong><br /> We do not endorse, represent, or guarantee the truthfulness, accuracy, or reliability of content, posted by users (\"<strong><span style=\"text-decoration: underline;\">User Content</span></strong>\") or third parties. &nbsp;You accept that any reliance on material posted by third parties or third-party <strong>service</strong> providers will be at your own risk. &nbsp;By using the Services you accept the risk that you might be exposed to User Content that is offensive, indecent, objectionable, or otherwise inappropriate.<br /> If you post User Content in any public area of the Services, you also permit any user to access, display, view, store, and reproduce such User Content for personal use. &nbsp;Subject to the foregoing, the owner of such User Content posted on the Services retains any and all rights that may exist in such User Content.<br /> <strong>A. &nbsp;Prohibited Services Uses</strong> <br /> Do not do bad things with the Services, try to break it, or take our work.<br /> You agree to use the Services only for its intended purpose. &nbsp;You must use the Services in compliance with all privacy, data protection, intellectual property, and other applicable laws. <strong>Pornography or posting of live streaming nude or inappropriate videos is strictly prohibited. Violation of this condition will subject the member to membership termination. It is in our sole discretion what is considered appropriate material for live streaming. </strong><br /> You are solely responsible for Your User Content on the Services. &nbsp;You assume all risks associated with Your User Content, including anyone\'s reliance on its quality, accuracy, or reliability. &nbsp;You may expose yourself to liability if, for example, Your User Content contains material that is false, intentionally misleading, or defamatory; violates third-party rights; or contains material that is unlawful or advocates the violation of any law or regulation.<br /> You may not:</p>\r\n<ol>\r\n<li>attempt to interfere with, harm, reverse engineer, steal from, or gain unauthorized access to the Services, user accounts, or the technology and equipment supporting the Services including scraping or any other automated means;</li>\r\n<li>frame or link to the Services without permission;</li>\r\n<li>use data mining, robots, or other data gathering devices on or through the Services;</li>\r\n<li>use the Services in any manner that would otherwise inhibit or impair your ability to operate a motor vehicle;</li>\r\n<li>post incomplete, false, or misleading information, impersonate another person, or misrepresent your affiliation with a person or entity;</li>\r\n<li>disclose personal information about another person, harass or abuse another person, or post objectionable material;</li>\r\n<li>post links, advertisements, or other content from competitors\' websites;</li>\r\n<li>post repetitious marketing or irrelevant information (SPAM);</li>\r\n<li>use the Services in an illegal way or to commit an illegal act in relation to the Services or in a way that otherwise results in fines, penalties, and other liability to DirectInterconnect or others;</li>\r\n<li>use the Services if you are a convicted sex offender; or</li>\r\n<li>access the Services from a jurisdiction where it is illegal, unauthorized, or penalized.</li>\r\n<li>Stream trademarked or copyrighted materials or imagery.</li>\r\n</ol>\r\n<p>&nbsp;</p>\r\n<p><strong>B. &nbsp;U.S. Export Controls</strong> <br /> Do not use or export any software to locations where you are not allowed by U.S. law.&nbsp; <br /> To the extent the Services contain software, you may not use or otherwise export or re-export software from the Services except as authorized by United States law and the laws of the jurisdiction in which the software was obtained. &nbsp;In particular, but without limitation, the software may not be exported or re-exported (a) into any U.S. embargoed countries or (b) to anyone on the U.S. Treasury Department\'s list of Specially Designated Nationals or the U.S. Department of Commerce Denied Person\'s List or Entity List. &nbsp;By using the Services, you represent and warrant that you are not located in any such country or on any such list. &nbsp;You also agree that you will not use the Services for any purposes prohibited by United States law.<br /> <br /><strong>13. &nbsp;Consequences of Violating These </strong><strong>Terms </strong><br /> If you do not act acceptably, we may refuse to provide the Services to you.<br /> We reserve the right to suspend or terminate your account; review, refuse, and remove Your User Content from the Services; and prevent access to the Services for any reason, at our discretion. &nbsp;We reserve the right to refuse to provide the Services to you in the future. &nbsp;You are responsible for any claims, fees, fines, penalties, and other liability incurred by us or others caused by or arising out of your breach of these <strong>Terms</strong> and your use of the Services.<br /> <br /><strong>14. &nbsp;DirectInterconnect&rsquo;s Liability</strong><br /> We are not liable for anything our users do when using the Services. &nbsp;We may also change the Services at any time and are not liable for how this may affect you. &nbsp;We do not guarantee the quality or accuracy of any content you view using the Services or other websites.</p>\r\n<p><strong>Changes to the Services. &nbsp;</strong>We may change, suspend, or discontinue any aspect of the Services at any time, including hours of operation or availability of the Services or any feature, without notice or liability.<br /> <strong>Disputes with Third Parties.</strong> &nbsp;We are not responsible for any disputes or disagreements between you and any third party with which you interact using the Services. &nbsp;You assume all risk associated with dealing with third parties. &nbsp;You agree to resolve disputes directly with the other party. &nbsp;You release DirectInterconnect of all claims, demands, and damages in disputes among users of the Services. &nbsp;You also agree not to involve us in such disputes. &nbsp;Use caution and common sense when using the Services.<br /> <strong>Content Accuracy.</strong> &nbsp;We make no representations about accuracy, reliability, completeness, or timeliness of any contents of the Services. &nbsp;Similarly, we make no representations about the accuracy, reliability, completeness, or timeliness of any data from third-party <strong>service</strong> providers or the quality or nature of third-party products or services obtained through the Services. &nbsp;Use the Services at your own risk.<br /> <strong>Released Parties Defined.</strong> &nbsp;\"<strong><span style=\"text-decoration: underline;\">Released Parties</span></strong>\" include DirectInterconnect and its affiliates, officers, employees, agents, partners, agencies, and licensors.<br /> A. DISCLAIMER OF WARRANTIES<br /> You use the Services at your own risk. &nbsp;We make no warranties or guarantees.<br /> YOU EXPRESSLY UNDERSTAND AND AGREE THAT: (A) YOUR USE OF THE SERVICES IS AT YOUR SOLE RISK, AND THE SERVICES IS PROVIDED ON AN \"AS IS\" AND \"AS AVAILABLE\" BASIS WITH ALL FAULTS AND THE RELEASED PARTIES EXPRESSLY DISCLAIM ALL WARRANTIES AND CONDITIONS OF ANY KIND, WHETHER EXPRESS, IMPLIED, OR STATUTORY INCLUDING, BUT NOT LIMITED TO, IMPLIED WARRANTIES OF MERCHANTABILITY, FITNESS FOR A PARTICULAR PURPOSE, AND NON-INFRINGEMENT; (B) THE RELEASED PARTIES MAKE NO WARRANTY THAT (i) THE SERVICES WILL MEET YOUR REQUIREMENTS, (ii) THE SERVICES WILL BE UNINTERRUPTED, TIMELY, SECURE, OR ERROR-FREE, (iii) THE QUALITY OF ANY GOODS OR <strong>SERVICE</strong> AVAILABLE ON THE SERVICES WILL MEET YOUR EXPECTATIONS, (iv) THE SERVICES DOES NOT INFRINGE ON THIRD PARTY RIGHTS, AND (v) ANY ERRORS IN THE SERVICES WILL BE CORRECTED; (C) NO ORAL OR WRITTEN INFORMATION OR ADVICE GIVEN BY DirectInterconnect OR ITS AUTHORIZED REPRESENTATIVE SHALL CREATE A WARRANTY; AND (D) ANY MATERIAL DOWNLOADED OR OTHERWISE OBTAINED THROUGH THE USE OF THE SERVICES IS ACCESSED AT YOUR OWN DISCRETION AND RISK, AND YOU WILL BE SOLELY RESPONSIBLE FOR ANY DAMAGE TO YOUR COMPUTER SYSTEM OR DEVICE OR LOSS OF DATA THAT RESULTS FROM THE DOWNLOAD OR USE OF ANY SUCH MATERIAL.<br /> THE RELEASED PARTIES EXPRESSLY DISCLAIM ALL WARRANTIES AND CONDITIONS OF ANY KIND, WHETHER EXPRESS, IMPLIED, OR STATUTORY INCLUDING, BUT NOT LIMITED TO, IMPLIED WARRANTIES OF MERCHANTABILITY, FITNESS FOR A PARTICULAR PURPOSE WITH RESPECT TO ALL PRODUCTS AND SERVICES PURCHASED OR OBTAINED ON OR THROUGH THE SERVICES. WITHOUT LIMITING THE GENERALITY OF THE FOREGOING, WE EXPRESSLY DISCLAIM ALL LIABILITY FOR PRODUCT DEFECT OR FAILURE, CLAIMS THAT ARE DUE TO NORMAL WEAR, PRODUCT MISUSE, ABUSE, PRODUCT MODIFICATION, IMPROPER PRODUCT SELECTION, NON-COMPLIANCE WITH ANY CODES, OR MISAPPROPRIATION.<br /> SOME JURISDICTIONS DO NOT ALLOW THE EXCLUSION OF IMPLIED WARRANTIES OR LIMITATIONS ON APPLICABLE STATUTORY RIGHTS OF A CONSUMER, SO THE ABOVE EXCLUSION AND LIMITATIONS MAY NOT APPLY TO YOU.<br /> B. LIMITATION OF LIABILITY AND INDEMNIFICATION<br /> We are not liable for anything that happens to you that somehow may be connected to your use of the Services. &nbsp;If you use the Services in a way that causes us to be included in litigation, you agree to pay all of our legal fees and costs.<br /> TO THE EXTENT NOT PROHIBITED BY LAW, YOU UNDERSTAND AND AGREE THAT THE RELEASED PARTIES SHALL NOT BE LIABLE TO YOU FOR ANY DIRECT, INDIRECT, INCIDENTAL, SPECIAL, CONSEQUENTIAL, OR EXEMPLARY DAMAGES, INCLUDING, BUT NOT LIMITED TO, DAMAGES FOR LOSS OF PROFITS, GOODWILL, USE, DATA OR OTHER INTANGIBLE LOSSES (EVEN IF DirectInterconnect HAS BEEN ADVISED OF THE POSSIBILITY OF SUCH DAMAGES), REGARDLESS OF THE THEORY OF LIABILITY (CONTRACT, TORT, OR OTHERWISE) RESULTING FROM: (i) THE USE OR THE INABILITY TO USE THE SERVICES; (ii) THE COST OF PROCUREMENT OF SUBSTITUTE GOODS AND SERVICES RESULTING FROM ANY GOODS, DATA, INFORMATION OR SERVICES OBTAINED OR MESSAGES RECEIVED OR TRANSACTIONS ENTERED INTO THROUGH, FROM, OR AS A RESULT OF THE SERVICES; (iii) UNAUTHORIZED ACCESS TO OR ALTERATION OF YOUR TRANSMISSIONS OR DATA; (iv) STATEMENTS OR CONDUCT OF ANY USER OR THIRD PARTY ON THE SERVICES; (v) YOUR RELIANCE ON CONTENT MADE AVAILABLE BY US; (vi) THE FAILURE OF WIRELESS <strong>SERVICE</strong> PROVIDERS IN PERFORMING SERVICES FOR DirectInterconnect; (vii) THE MISUSE OF ANY PART PURCHASED THROUGH THE SERVICES; OR (viii) ANY OTHER MATTER RELATING TO THE SERVICES. &nbsp;SOME JURISDICTIONS DO NOT ALLOW THE EXCLUSION OF CERTAIN WARRANTIES OR THE LIMITATION OR EXCLUSION OF LIABILITY FOR PERSONAL INJURY, INCIDENTAL, OR CONSEQUENTIAL DAMAGES. &nbsp;ACCORDINGLY, SOME OF THE ABOVE LIMITATIONS IN THIS PARAGRAPH MAY NOT APPLY TO YOU.<br /> TO THE FULLEST EXTENT POSSIBLE BY LAW, OUR MAXIMUM LIABILITY ARISING OUT OF OR IN CONNECTION WITH THE SERVICES OR YOUR USE OF DirectInterconnect CONTENT, REGARDLESS OF THE CAUSE OF ACTION (WHETHER IN CONTRACT, TORT, BREACH OF WARRANTY, OR OTHERWISE), WILL NOT EXCEED $50. &nbsp;THE FOREGOING LIMITATIONS WILL APPLY EVEN IF THE ABOVE STATED REMEDY FAILS OF ITS ESSENTIAL PURPOSE.<br /> You agree to defend, indemnify, and hold harmless the Released Parties from and against any claims, actions, or demands, including without limitation reasonable legal and accounting fees, alleging or resulting from (i) your use of or reliance on any third-party content, (ii) your use of or reliance on any DirectInterconnect Content, or (iii) your breach of these <strong>Terms</strong>. &nbsp;We shall provide notice to you promptly of any such claim, suit, or proceeding. &nbsp;DirectInterconnect reserves the right, at your expense, to assume the exclusive defense and control of any matter for which you are required to indemnify us and you agree to cooperate with our defense of these claims. &nbsp;You agree not to settle any matter without the prior written consent from DirectInterconnect. &nbsp;DirectInterconnect will use reasonable efforts to notify you of any such claim, action or proceeding upon becoming aware of it.<br /> <br /><strong>15. &nbsp;Submissions and Comments</strong><br /> We appreciate your comments, but if you send us creative ideas, we can use them without compensating you.&nbsp; <br /> We appreciate hearing from our users and welcome your comments regarding the Services. &nbsp;Please be advised, however, that if you send us creative ideas, suggestions, inventions, or materials (\"<strong><span style=\"text-decoration: underline;\">creative ideas</span></strong>\"), we shall:</p>\r\n<ol>\r\n<li>own, exclusively, all now known or later discovered rights to the creative ideas;</li>\r\n<li>not be subject to any obligation of confidentiality and shall not be liable for any use or disclosure of any creative ideas; and</li>\r\n<li>be entitled to unrestricted use of the creative ideas for any purpose whatsoever, commercial or otherwise, without compensation to you or any other person.</li>\r\n</ol>\r\n<p>&nbsp;</p>\r\n<p><strong>16. &nbsp;General </strong><strong>Terms </strong><br /> These <strong>Terms</strong> constitute the entire agreement between you and DirectInterconnect concerning your use of the Services. &nbsp;Our failure to exercise or enforce any right or provision of these <strong>Terms</strong> shall not constitute a waiver of such right or provision. &nbsp;If any provision of these <strong>Terms</strong> is found by a court of competent jurisdiction to be invalid, the parties nevertheless agree that the court should endeavor to give effect to the parties\' intentions as reflected in the provision, and the other provisions of these <strong>Terms</strong> remain in full force and effect. &nbsp;These <strong>Terms</strong>, and any rights and licenses granted hereunder, may not be transferred or assigned by you, but may be assigned by DirectInterconnect without restriction. &nbsp;Any assignment attempted to be made by you in violation of these <strong>Terms</strong> shall be void. &nbsp;You agree that no joint venture, partnership, employment or agency relationship exists between you and DirectInterconnect as a result of these <strong>Terms</strong> or use of the DirectInterconnect <strong>Service</strong>. &nbsp;Upon termination of these <strong>Terms</strong>, any provision which, by its nature or express <strong>terms</strong> should survive, will survive such termination. &nbsp;The section titles and annotations in these <strong>Terms</strong> are for convenience only and have no legal or contractual effect.<br /> <br /><strong>17. &nbsp;Arbitration, Class Waiver, and Waiver of Jury Trial</strong><br /> We are located in Virginia, so all disputes must be resolved there. &nbsp;We will use arbitration to resolve any problems, and you cannot join a class action lawsuit or obtain a jury trial for any disputes you have with us related to your use of the Services.<br /> These <strong>Terms</strong> and the relationship between you and DirectInterconnect shall be governed by the laws of the Commonwealth of Virginia without regard to its conflict of law provisions. &nbsp;Your use of the Services may also be subject to other local, state, national, or international laws. &nbsp;You and DirectInterconnect agree to submit to the personal and exclusive arbitration of any disputes relating to your use of the Services under the rules of the American Arbitration Association. &nbsp;Any such arbitration, to the extent necessary, shall be conducted in Fairfax County, Virginia. &nbsp;You covenant not to sue DirectInterconnect in any other forum.<br /> You also acknowledge and understand that, with respect to any dispute with the Released Parties arising out of or relating to your use of the Services or this Agreement:</p>\r\n<ol>\r\n<li>YOU ARE GIVING UP YOUR RIGHT TO HAVE A TRIAL BY JURY;</li>\r\n<li>YOU ARE GIVING UP YOUR RIGHT TO SERVE AS A REPRESENTATIVE, AS A PRIVATE ATTORNEY GENERAL, OR IN ANY OTHER REPRESENTATIVE CAPACITY, OR TO PARTICIPATE AS A MEMBER OF A CLASS OF CLAIMANTS, IN ANY LAWSUIT INVOLVING ANY SUCH DISPUTE; AND</li>\r\n<li>YOU MUST FILE ANY CLAIM WITHIN ONE (1) YEAR AFTER SUCH CLAIM AROSE OR IT IS FOREVER BARRED.</li>\r\n</ol>\r\n<p><strong>18.&nbsp; Termination</strong>&nbsp;</p>\r\n<p>Violation of any of these terms and conditions will result in the termination of your DirectInterconnect&trade; account.&nbsp; You understand and agree that the Company is not responsible for the content posted on the individual account pages and that your use of&nbsp;the Service is at your own risk.</p>\r\n</div>','page',11,'2013-10-11 08:21:22','2013-10-11 08:21:22',1),(7,'Privacy Policy','privacy-policy','<div class=\"contact-box\">\r\n<div class=\"rounded-rectangle-3\">\r\n<div class=\"contact-box-sap\">\r\n<div class=\"contact-box-heading\">DirectInterconnect is owned operated by DirectInterconnect, Inc.</div>\r\n</div>\r\n<div class=\"contact-info\">\r\n<ul class=\"contact-list\">\r\n<li>For additional general information go to:<span> info@DirectInterconnect.com</span></li>\r\n<li>For customer support go to:<span> support@DirectInterconnect.com</span></li>\r\n<li>For partnership opportunites go to: <span>Partnerships@DirectInterconnect.com</span></li>\r\n<li>And for advertising rates and information go to: <span>advertising@DirectInterconnect.com</span></li>\r\n</ul>\r\n</div>\r\n</div>\r\n</div>\r\n<p><span class=\"fist-word\">T</span>here are many different ways you can use DirectInterconnect&trade; services &ndash; to live stream to the general public or followers, search for and share live streams or to communicate information. When you share information with us, for example by creating or using a DirectInterconnect&trade; account, we can make those services even better &ndash; to provide you more relevant search results and information, to help you connect with people or to make sharing with others quicker and easier. As you use our services, we want you to be clear how we&rsquo;re using information and the ways in which you can protect your privacy. <br /> <br /> <strong style=\"font-weight: bolder;\">Our Privacy Policy explains:</strong></p>\r\n<ul>\r\n<li>What information we collect and why we collect it.</li>\r\n<li>How we use that information.</li>\r\n<li>The choices we offer, including how to access and update information.</li>\r\n</ul>\r\n<p><br /> Your privacy matters to DirectInterconnect&trade; so whether you are new to DirectInterconnect&trade; or a long-time user, please do take the time to get to know our practices &ndash; and if you have any questions contact us at privacy@DirectInterconnect.com.</p>\r\n<div class=\"clearfix\"><strong>Information we collect</strong></div>\r\n<div class=\"privecy-pol\">\r\n<p>We collect information to provide better services to all of our users &ndash; from figuring out basic stuff like which language you speak, to more complex things like which ads you&rsquo;ll find most useful or the people who matter most to you online.<br /> <br /> <strong>We collect information in two ways:</strong></p>\r\n<ul>\r\n<li><strong>Information you give us.</strong> For example, many of our services require you to sign up for a DirectInterconnect&trade; account. When you do, we&rsquo;ll ask for personal information, like your name, email address, telephone number or other information.</li>\r\n<li><strong>Information we get from your use of our services.</strong>We may collect information about the services that you use and how you use them, like when you visit a website that uses our advertising services or you view and interact with our ads and content. This information includes:\r\n<ul>\r\n<li><strong>Device information:</strong> We may collect device-specific information (such as your hardware model, operating system version, unique device identifiers, and mobile network information including phone number). DirectInterconnect&trade; may associate your device identifiers or phone number with your DirectInterconnect&trade; account.</li>\r\n<li><strong>Log information:</strong>When you use our services or view content provided by DirectInterconnect&trade;, we may automatically collect and store certain information in server logs. This may include:\r\n<ul>\r\n<li>details of how you used our service, such as your search queries;</li>\r\n<li>telephonic log information like your phone number, calling-party number, forwarding numbers, time and date of calls, duration of calls, SMS routing information and types of calls;</li>\r\n<li>Internet protocol address;</li>\r\n<li>device event information such as crashes, system activity, hardware settings, browser type, browser language, the date and time of your request and referral URL;</li>\r\n<li>cookies that may uniquely identify your browser or your DirectInterconnect&trade; account; and/or</li>\r\n<li>location information detailing your GPS indicated location</li>\r\n</ul>\r\n</li>\r\n<li><strong>Location information:</strong>When you use a location-enabled DirectInterconnect&trade; service, we may collect and process information about your actual location, like GPS signals sent by a mobile device. We may also use various technologies to determine location, such as sensor data from your device that may, for example, provide information on nearby Wi-Fi access points and cell towers. DirectInterconnect&trade; uses the Google Maps API governed by the Google privacy policy which is incorporated by reference into this DirectInterconnect&trade; Privacy Statement and may be found at: <a href=\"http://www.google.com/privacy.html\" target=\"_blank\">http://www.google.com/privacy.html.</a></li>\r\n<li><strong>Unique application numbers:</strong>Certain services include a unique application number. This number and information about your installation (for example, the operating system type and application version number) may be sent to DirectInterconnect&trade; when you install or uninstall that service or when that service periodically contacts our servers, such as for automatic updates.</li>\r\n<li><strong>Local storage:</strong>We may collect and store information (including personal information) locally on your device using mechanisms such as browser web storage (including HTML 5) and application data caches.</li>\r\n<li><strong>Cookies and anonymous identifiers:</strong> We use various technologies to collect and store information when you visit a DirectInterconnect&trade; service, and this may include sending one or more cookies or anonymous identifiers to your device. We also use cookies and anonymous identifiers when you interact with services we offer to our partners, such as advertising services or DirectInterconnect&trade; features that may appear on other sites.</li>\r\n</ul>\r\n</li>\r\n</ul>\r\n<p><strong>How we use information we collect</strong><br /> We use the information we collect from all of our services to provide, maintain, protect and improve them, to develop new ones, and to protect DirectInterconnect&trade; and our users. &nbsp;We also use this information to offer you tailored content &ndash; like giving you more relevant search results and ads specific to location.<br /> We may use the name you provide for your DirectInterconnect&trade; Profile across all of the services we offer that require a DirectInterconnect&trade; account. &nbsp;In addition, we may replace past names associated with your DirectInterconnect&trade; account so that you are represented consistently across all our services. &nbsp;If other users already have your email, or other information that identifies you, we may show them your publicly visible DirectInterconnect&trade; Profile information, such as your name and photo.<br /> When you contact DirectInterconnect&trade;, we may keep a record of your communication to help solve any issues you might be facing. &nbsp;We may use your email address to inform you about our services, such as letting you know about upcoming changes or improvements.<br /> We use information collected from cookies and other technologies, like pixel tags, to improve your user experience and the overall quality of our services. &nbsp;For example, by saving your language preferences, we&rsquo;ll be able to have our services appear in the language you prefer. &nbsp;When showing you tailored ads, we will not associate a cookie or anonymous identifier with sensitive categories, such as those based on race, religion, sexual orientation or health.<br /> We may combine personal information from one service with information, including personal information, from other DirectInterconnect&trade; services &ndash; for example to make it easier to share things with people you know. &nbsp;<br /> Please note that our current Services as set forth in our Terms of Service do require consent to opt-in in order to use the Services and you should read those Terms of Service carefully prior to opting in and using our Services.&nbsp; Upon acceptance of our Terms of Service, you are acknowledging and agreeing that you are opting in for our current Services and all DirectInterconnect&trade; communications, and you should read those Terms of Service carefully prior to using our Services.&nbsp; You may opt out of receiving some communications.&nbsp; <br /> DirectInterconnect&trade; processes personal information on our servers in many countries around the world. &nbsp;We may process your personal information on a server located outside the country where you live. <br /> <br /> <strong>Transparency and choice</strong><br /> People have different privacy concerns. &nbsp;Our goal is to be clear about what information we collect, so that you can make meaningful choices about how it is used. &nbsp;For example, you can:</p>\r\n<ul>\r\n<li>Review and control certain types of information tied to your DirectInterconnect&trade; Account.</li>\r\n<li>View and edit your NearbySuperDeals ads preferences, such as which categories and what minimum discount might interest you.</li>\r\n<li>View and adjust your DirectInterconnect&trade; profile content to some degree.&nbsp; You can check-in or inform people through our application that you are heading to a place, &lsquo;like&rsquo; a place, &lsquo;favorite&rsquo; a place, chat with other members, view profiles of other nearby members, request that a member be a friend, and accept or reject friend requests.&nbsp; You can search by name, age, or gender on nearby members.&nbsp; You can also search via name or keyword for public groups; create, leave, or delete public or private groups you form; join a private group upon invitation; join a public group; and leave a public or private group.&nbsp; You can create, edit, or delete a geocircle.&nbsp; You can accept or reject notifying a member that you have entered their geocircle.&nbsp; You can edit the following settings in NearbySuperDeals:&nbsp; category of deal, radius of deal, minimum discount of delivered deals, and alerts about upcoming/pending deals.&nbsp; You can save viewed deals to your wallet for future perusal.&nbsp; You can search for deals near you by keyword, category, and minimum discount.&nbsp; You can change your location in Places so that you can view businesses near that particular location.&nbsp; You can send messages to other members and receive messages from members.&nbsp; You can send a push notification wink to other members.&nbsp; You can register and login via email and password or Facebook login to our services.&nbsp; You can logout of our services. &nbsp;</li>\r\n</ul>\r\n<p>You may also set your browser to block all cookies, including cookies associated with our services, or to indicate when a cookie is being set by us. &nbsp;However, it&rsquo;s important to remember that many of our services may not function properly if your cookies are disabled. &nbsp;For example, we may not remember your language preferences.</p>\r\n<p><strong>Information you share</strong></p>\r\n<p>Many of our services let you share information with others. &nbsp;Remember that when you share information publicly, it may be indexable by search engines, including DirectInterconnect&trade;. &nbsp;Our services provide you with different options on sharing and removing your content.<br /> <br /><strong>Accessing and updating your personal information</strong><br /> Whenever you use our services, we aim to provide you with access to your personal information. &nbsp;If that information is wrong, we strive to give you ways to update it quickly or to delete it &ndash; unless we have to keep that information for legitimate business or legal purposes. &nbsp;When updating your personal information, we may ask you to verify your identity before we can act on your request.<br /> We may reject requests that are unreasonably repetitive, require disproportionate technical effort (for example, developing a new system or fundamentally changing an existing practice), risk the privacy of others, or would be extremely impractical (for instance, requests concerning information residing on backup systems).<br /> Where we can provide information access and correction, we will do so for free, except where it would require a disproportionate effort. &nbsp;We aim to maintain our services in a manner that protects information from accidental or malicious destruction. &nbsp;Because of this, after you delete information from our services, we may not immediately delete residual copies from our active servers and may not remove information from our backup systems.</p>\r\n<p><strong>Information we share</strong></p>\r\n<p>We do not share personal information with companies, organizations and individuals outside of DirectInterconnect&trade; unless one of the following circumstances apply:</p>\r\n<ul>\r\n<li><strong>With your consent.</strong> We will share personal information with companies, organizations or individuals outside of DirectInterconnect&trade; when we have your consent to do so.</li>\r\n<li><strong>With domain administrators.</strong>If your DirectInterconnect&trade; account is managed for you by a domain administrator (for example, for DirectInterconnect&trade; Apps users) then your domain administrator and resellers who provide user support to your organization will have access to your DirectInterconnect&trade; account information (including your email and other data). Your domain administrator may be able to:\r\n<ul>\r\n<li>view statistics regarding your account, like statistics regarding applications you install;</li>\r\n<li>change your account password;</li>\r\n<li>suspend or terminate your account access;</li>\r\n<li>access or retain information stored as part of your account;</li>\r\n<li>receive your account information in order to satisfy applicable law, regulation, legal process or enforceable governmental request; and/or</li>\r\n<li>restrict your ability to delete or edit information or privacy settings.</li>\r\n</ul>\r\n</li>\r\nPlease refer to your domain administrator&rsquo;s privacy policy for more information.\r\n<li><strong>For external processing.</strong>We provide personal information to our affiliates or other trusted businesses or persons to process it for us, based on our instructions and in compliance with our Privacy Policy and any other appropriate confidentiality and security measures.</li>\r\n<li><strong>For legal reasons. </strong>We will share personal information with companies, organizations or individuals outside of DirectInterconnect&trade; if we have a good-faith belief that access, use, preservation or disclosure of the information is reasonably necessary to:\r\n<ul>\r\n<li>meet any applicable law, regulation, legal process or enforceable governmental request;</li>\r\n<li>enforce applicable Terms of Service, including investigation of potential violations;</li>\r\n<li>detect, prevent, or otherwise address fraud, security or technical issues; and/or</li>\r\n<li>protect against harm to the rights, property or safety of DirectInterconnect&trade;, our users or the public as required or permitted by law.</li>\r\n</ul>\r\n</li>\r\n</ul>\r\n<p>We may share aggregated, non-personally identifiable information publicly and with our partners &ndash; like publishers, advertisers or connected sites. For example, we may share information publicly to show trends about the general use of our services. <br /><br /><strong>Information security</strong><br />We work hard to protect DirectInterconnect&trade; and our users from unauthorized access to or unauthorized alteration, disclosure or destruction of information we hold. In particular:</p>\r\n<ul>\r\n<li>We review our information collection, storage and processing practices, including physical security measures, to guard against unauthorized access to systems.</li>\r\n<li>We restrict access to personal information to DirectInterconnect&trade; employees, contractors and agents who need to know that information in order to process it for us, and who are subject to strict contractual confidentiality obligations and may be disciplined or terminated if they fail to meet these obligations.</li>\r\n</ul>\r\n<p>&nbsp;<strong>Application</strong></p>\r\n<p>Our Privacy Policy applies to all of the services offered by DirectInterconnect&trade; and its affiliates, including services offered on other sites (such as our advertising services), but excludes services that have separate privacy policies that do not incorporate this Privacy Policy.<br /> Our Privacy Policy does not apply to services offered by other companies or individuals, including products or sites that may be displayed to you in search results, sites that may include DirectInterconnect&trade; services, or other sites linked from our services. &nbsp;Our Privacy Policy does not cover the information practices of other companies and organizations who advertise our services and who may use cookies, pixel tags and other technologies to serve and offer relevant ads.<br /> <strong>Enforcement</strong><br /> We regularly review our compliance with our Privacy Policy. &nbsp;When we receive formal written complaints, we will contact the person who made the complaint to follow up. &nbsp;We work with the appropriate regulatory authorities, including local data protection authorities, to resolve any complaints regarding the transfer of personal data that we cannot resolve with our users directly.<br /> <strong>Changes</strong><br /> Our Privacy Policy may change from time to time. &nbsp;We will not reduce your rights under this Privacy Policy without your explicit consent. &nbsp;We will post any privacy policy changes on this page and, if the changes are significant, we will provide a more prominent notice (including, for certain services, email notification of privacy policy changes). We will also keep prior versions of this Privacy Policy in an archive for your review.</p>\r\n</div>','page',12,'2013-10-11 08:21:22','2013-10-11 08:21:22',1),(8,'Contact Us Email Body','contact-us-email','<div>Dear Administrator,<br/><br/>\r\n\r\n[{NAME}] has requested for the following enquiry on DirectInterconnect Portal.<br/><br/>\r\n\r\n<strong>Subject:</strong>&nbsp;[{SUBJECT}]<br/>\r\n<strong>Message:</strong>&nbsp;[{MESSAGE}]<br/><br/>\r\n\r\n<strong>User Details:</strong><br/>\r\n<strong>Name:</strong>&nbsp;[{NAME}]<br/>\r\n<strong>Email:</strong>&nbsp;[{EMAIL}]<br/>\r\n<strong>Phone:</strong>&nbsp;[{PHONE}]<br/>\r\n<br/>\r\n\r\n\r\n</div>','email',2,'2013-10-11 08:21:22','2013-10-11 08:21:22',1),(9,'Help Email Body','help-email','<div>Dear Administrator,<br/><br/>\r\n\r\n[{NAME}] has requested for the following enquiry on DirectInterconnect Portal.<br/><br/>\r\n\r\n<strong>Subject:</strong>&nbsp;[{SUBJECT}]<br/>\r\n<strong>Message:</strong>&nbsp;[{MESSAGE}]<br/><br/>\r\n\r\n<strong>User Details:</strong><br/>\r\n<strong>Name:</strong>&nbsp;[{NAME}]<br/>\r\n<strong>Email:</strong>&nbsp;[{EMAIL}]<br/>\r\n<br/>\r\n\r\n\r\n</div>','email',NULL,NULL,NULL,NULL),(10,'Welcome to Direct Interconnect','SignUpEmail','<h3 style=\"margin: 0;padding: 0;font-family: &quot;HelveticaNeue-Light&quot;,&quot;Helvetica Neue Light&quot;,&quot;Helvetica Neue&quot;,Helvetica,Arial,&quot;Lucida Grande&quot;,sans-serif;line-height: 1.1;margin-bottom: 15px;color: #000;font-weight: 500;font-size: 27px;\">Hi, [{NAME}]</h3>\n<p class=\"lead\" style=\"margin: 0;padding: 0;font-family: &quot;Helvetica Neue&quot;,&quot;Helvetica&quot;,Helvetica,Arial,sans-serif;margin-bottom: 10px;font-weight: normal;font-size: 17px;line-height: 1.6;\">Welcome to DirectInterconnect!</p>\n<p style=\"margin: 0;padding: 0;font-family: &quot;Helvetica Neue&quot;,&quot;Helvetica&quot;,Helvetica,Arial,sans-serif;margin-bottom: 10px;font-weight: normal;font-size: 14px;line-height: 1.6;\">Thank you for subscribing to DirectInterconnect. Pellentesque sem dolor, fringilla et pharetra vitae. consequat vel lacus. Sed iaculis pulvinar ligula, ornare fringilla ante viverra et. In hac habitasse platea dictumst. Donec vel orci mi, eu congue justo. Integer eget odio est, eget malesuada lorem. Aenean sed tellus dui, vitae viverra risus. Nullam massa sapien, pulvinar eleifend fringilla id, convallis eget nisi. Mauris a sagittis dui. Pellentesque non lacinia mi. Fusce sit amet libero sit amet erat venenatis sollicitudin vitae vel eros. Cras nunc sapien, interdum sit amet porttitor ut, congue quis urna.</p>\n \n<p class=\"callout\" style=\"margin: 0;padding: 15px;font-family: &quot;Helvetica Neue&quot;,&quot;Helvetica&quot;,Helvetica,Arial,sans-serif;margin-bottom: 15px;font-weight: normal;font-size: 14px;line-height: 1.6;background-color: #ECF8FF;\">\nPhasellus dictum sapien a neque luctus cursus. Pellentesque sem dolor, fringilla et pharetra vitae. <a href=\"#\" style=\"margin: 0;padding: 0;font-family: &quot;Helvetica Neue&quot;,&quot;Helvetica&quot;,Helvetica,Arial,sans-serif;color: #2BA6CB;font-weight: bold;\">Click it! &raquo;</a>\n</p> \n ','email',NULL,NULL,NULL,NULL),(11,'SpeedyPayroll Notification','Email','[{BODY}]','email',NULL,NULL,NULL,NULL),(12,'SpeedyPayrolls Registration\n','ConfirmEmail','<h3 style=\"margin: 0;padding: 0;font-family: &quot;HelveticaNeue-Light&quot;,&quot;Helvetica Neue Light&quot;\n    ,&quot;Helvetica Neue&quot;,Helvetica,Arial,&quot;Lucida Grande&quot;,sans-serif;line-height: 1.1;\n    margin-bottom: 15px;color: #000;font-weight: 500;font-size: 27px;\">Hi, [{NAME}]</h3>\n    <p class=\"lead\" style=\"margin: 0;padding: 0;font-family: &quot;Helvetica Neue&quot;,&quot;Helvetica&quot;\n   ,Helvetica,Arial,sans-serif;margin-bottom: 10px;font-weight: normal;font-size: 17px;line-height: 1.6;\">\n    </p>\n<p class=\"lead\" style=\"margin: 0;padding: 0;font-family: &quot;Helvetica Neue&quot;,&quot;Helvetica&quot;\n   ,Helvetica,Arial,sans-serif;margin-bottom: 10px;font-weight: normal;font-size: 17px;line-height: 1.6;\">\n    Thank you for signing up with SpeedyPayrolls. Click the link below to verify your account and start using SpeedyPayrolls.<br></p>\n<p class=\"callout\" style=\"margin: 0;padding: 15px;font-family: &quot;Helvetica Neue&quot;,&quot;Helvetica&quot;\n   ,Helvetica,Arial,sans-serif;margin-bottom: 15px;font-weight: normal;font-size: 14px;line-height: 1.6;background-color: #ECF8FF;\">\nPlease click below to complete the verification process:<br><a href=\"[{CONFIRMLINK}]\" style=\"margin: 0;padding: 0;font-family: &quot;Helvetica Neue&quot;,&quot;Helvetica&quot;,Helvetica,Arial,sans-serif;color: #2BA6CB;font-weight: bold;\">Verify my email</a>\n</p>\n\n<p>NOTE: Please do not click on the verification link if you did not register for Speedy Payrolls. Please refer to the note below:</p>\n\n<p>Email Address you registered with:</p>\n\n<p style=\"margin: 0;padding: 0;font-family: &quot;Helvetica Neue&quot;,&quot;Helvetica&quot;,Helvetica,Arial,\n   sans-serif;margin-bottom: 10px;font-weight: normal;font-size: 14px;line-height: 1.6;\">[{EMAIL}]<br></p>\n \n<p>If you did not register for Speedy Payrolls, or if you think you received this email by mistake then you can either  delete this email, or if you wish to inform Speedy Payroll administrators about it then please email us at <a href=\"mailto:info@speedypayrolls.com\">info@speedypayrolls.com</a>.</p>','email',NULL,NULL,NULL,NULL),(13,'Password Reset','ResetPassword','<h3 style=\"margin: 0;padding: 0;font-family: &quot;HelveticaNeue-Light&quot;,&quot;Helvetica Neue Light&quot;\n    ,&quot;Helvetica Neue&quot;,Helvetica,Arial,&quot;Lucida Grande&quot;,sans-serif;line-height: 1.1;\n    margin-bottom: 15px;color: #000;font-weight: 500;font-size: 27px;\">Hi, [{NAME}]</h3>\n<p class=\"lead\" style=\"margin: 0;padding: 0;font-family: &quot;Helvetica Neue&quot;,&quot;Helvetica&quot;\n   ,Helvetica,Arial,sans-serif;margin-bottom: 10px;font-weight: normal;font-size: 17px;line-height: 1.6;\">\n    Your new password is : [{PASSWORD}]<br></p>','email',NULL,NULL,NULL,NULL),(14,'Negotiation Request','Negotiate','<h3 style=\"margin: 0;padding: 0;font-family: &quot;HelveticaNeue-Light&quot;,&quot;Helvetica Neue Light&quot;,&quot;Helvetica Neue&quot;,Helvetica,Arial,&quot;Lucida Grande&quot;,sans-serif;line-height: 1.1;margin-bottom: 15px;color: #000;font-weight: 500;font-size: 27px;\">Hi, [{NAME}]</h3>\n<p class=\"lead\" style=\"margin: 0;padding: 0;font-family: &quot;Helvetica Neue&quot;,&quot;Helvetica&quot;,Helvetica,Arial,sans-serif;margin-bottom: 10px;font-weight: normal;font-size: 17px;line-height: 1.6;\">You\'ve recieved negotiate request from:<br></p>\n<p style=\"margin: 0;padding: 0;font-family: &quot;Helvetica Neue&quot;,&quot;Helvetica&quot;,Helvetica,Arial,sans-serif;margin-bottom: 10px;font-weight: normal;font-size: 14px;line-height: 1.6;\">[{NEGUSER}]<br></p>\n<p class=\"callout\" style=\"margin: 0;padding: 15px;font-family: &quot;Helvetica Neue&quot;,&quot;Helvetica&quot;,Helvetica,Arial,sans-serif;margin-bottom: 15px;font-weight: normal;font-size: 14px;line-height: 1.6;background-color: #ECF8FF;\">\nTo view message, click the button below:<br><a href=\"[{NEGLINK}]\" style=\"margin: 0;padding: 0;font-family: &quot;Helvetica Neue&quot;,&quot;Helvetica&quot;,Helvetica,Arial,sans-serif;color: #2BA6CB;font-weight: bold;\">Negotiate</a>\n</p> ','email',NULL,NULL,NULL,NULL),(15,'SpeedyPayrolls New Timesheet Account Creation','timesheet-notify','<h3>Dear [{NAME}],</h3>[{MESSAGE}]<br/><br/>','email',NULL,NULL,NULL,NULL),(17,'Test Sheet','testSheetIco',' <style>\n.pr-name-cont {\n	border: 1px solid #000;\n	width: 200px;\n	clear: both;\n	padding:10px;\n	margin:5px;\n}\n.pr-address-cont {\n	border: 1px solid #000;\n	width: 200px;\n	clear: both;\n	padding:10px;\n	margin:5px;\n}\n.green-row-hd {\n	color: #FFF;\n	background-color: #51921A;\n	text-align: center;\n	height: 20px;\n	border:1px solid #000;\n}\n\n.green-row-hd2 {\n	color: #FFF;\n	background-color: #51921A;\n	text-align: center;\n	height: 35px;\n	border:1px solid #000;\n}\n\n.green-col-txt {\n	color: #000;\n	background-color: #FFF;\n	text-align:center;\n	height: 35px;\n	vertical-align:central;\n	border:1px solid #000;\n}\n\n.subcont-head{\n	 color:#000;\n	 padding-left:50px;\n	 font-weight:bold;\n	}\n	\n.left-cell-txt{\n text-align:left;\n padding-left:10px;\n}	\n\n.right-cell-txt{\n	\n	text-align:right;\n padding-right:10px;\n	}\n	\n.black-border{\n	border:1px solid #000;\n	\n	}\n	\n.top-border{\n	border-top:1px solid #000;\n	}	\n	\n	.bottom-border{\n	border-top:1px solid #000;\n	}	\n	\n\n.width-24 {\n	width: 24.9%\n}\n\n.width-50{\n	width:49%\n	}\n\n</style>\n<table width=\"100%\" cellpadding=\"0\" cellspacing=\"0\" border=\"0\">\n<tr> \n                <td>\n                    <table width=\"100%\" cellpadding=\"0\" cellspacing=\"0\" border=\"0\">\n                        <tr>\n                            <td align=\"center\" valign=\"middle\" width=\"15%\"><img src=\"https://www.google.com.pk/images/srpr/logo11w.png\" width=\"200\" height=\"200\" border=\"0\"/></td>\n                            <td align=\"left\" valign=\"middle\" width=\"25%\"><div class=\"pr-name-cont\">[{PayrollerName}]</div>\n                            <div class=\"pr-address-cont\">[{PayrollerAddress}]</div>\n                            </td>\n                            \n                        </tr>\n\n                    </table>\n                </td>\n\n            </tr>\n            <tr> \n              <td><br/>\n      <table width=\"100%\" border=\"0\" cellspacing=\"0\" cellpadding=\"0\">\n  <tr>\n    <td class=\"green-row-hd width-24\">[{T1}]</td>\n    <td class=\"green-row-hd width-24\">[{T2}]</td>\n    <td class=\"green-row-hd width-24\">[{T3}]</td>\n    <td rowspan=\"4\" ></td>\n    <td class=\"green-row-hd width-24\">[{T4}]</td>\n  </tr>\n  <tr>\n  <td class=\"green-col-txt width-24\">[{V1}]</td>\n    <td class=\"green-col-txt width-24\">[{V2}]</td>\n    <td class=\"green-col-txt width-24\">[{V3}]</td>\n    \n    <td class=\"green-col-txt width-24\">[{V4}]</td>\n  </tr>\n    <tr>\n    <td class=\"green-row-hd width-24\">[{T5}]</td>\n    <td class=\"green-row-hd width-24\">[{T6}]</td>\n    <td class=\"green-row-hd width-24\">[{T7}]</td>\n   \n    <td class=\"green-row-hd width-24\">[{T8}]</td>\n  </tr>\n  <tr>\n  <td class=\"green-col-txt width-24\">[{V5}]</td>\n    <td class=\"green-col-txt width-24\">[{V6}]</td>\n    <td class=\"green-col-txt width-24\">[{V7}]</td>\n    \n    <td class=\"green-col-txt width-24\">[{V8}]</td>\n  </tr>\n  <tr>\n   <td colspan=\"5\"><table width=\"100%\" border=\"0\" cellspacing=\"0\" cellpadding=\"0\">\n  <tr>\n    <td class=\"width-50 black-border\" valign=\"top\"><table width=\"100%\" border=\"0\" cellspacing=\"0\" cellpadding=\"5\">\n  <tr>\n    <td class=\"subcont-head\" colspan=\"2\">Working Hours</td>\n  </tr>\n  <tr>\n    <td class=\"left-cell-txt\">[{T9}]</td>\n    <td class=\"right-cell-txt\">[{V9}]</td>\n  </tr>\n  <tr>\n    <td class=\"left-cell-txt\">[{T10}]</td>\n    <td class=\"right-cell-txt\">[{V10}]</td>\n  </tr>\n  <tr>\n    <td class=\"left-cell-txt\">[{T11}]</td>\n    <td class=\"right-cell-txt\">[{V11}]</td>\n  </tr>\n  <tr>\n    <td class=\"left-cell-txt\">[{T12}]</td>\n    <td class=\"right-cell-txt\">[{V12}]</td>\n  </tr>\n  <tr>\n    <td class=\"left-cell-txt\">[{T13}]</td>\n    <td class=\"right-cell-txt\">[{V13}]</td>\n  </tr>\n  <tr>\n    <td class=\"left-cell-txt\">[{T14}]</td>\n    <td class=\"right-cell-txt\">[{V14}]</td>\n  </tr>\n</table>\n</td>\n    <td class=\"width-50 black-border\"><table width=\"100%\" border=\"0\" cellspacing=\"0\" cellpadding=\"5\">\n  <tr>\n    <td class=\"subcont-head\" colspan=\"2\">Bonus/Allowances</td>\n  </tr>\n  <tr>\n    <td class=\"left-cell-txt\">[{T15}]</td>\n    <td class=\"right-cell-txt\">[{V15}]</td>\n  </tr>\n  <tr>\n    <td class=\"left-cell-txt\">[{T16}]</td>\n    <td class=\"right-cell-txt\">[{V16}]</td>\n  </tr>\n  <tr>\n    <td class=\"left-cell-txt\">[{T17}]</td>\n    <td class=\"right-cell-txt\">[{V17}]</td>\n  </tr>\n  <tr>\n    <td class=\"left-cell-txt\">[{T18}]</td>\n    <td class=\"right-cell-txt\">[{V18}]</td>\n  </tr>\n  <tr>\n    <td class=\"right-cell-txt\">[{T19}]</td>\n    <td class=\"left-cell-txt black-border\" >[{V19}]</td>\n  </tr>\n  \n</table>\n<table width=\"100%\" border=\"0\" cellspacing=\"0\" cellpadding=\"5\">\n  <tr>\n    <td class=\"subcont-head top-border\" colspan=\"2\">Deduction</td>\n  </tr>\n  <tr>\n    <td class=\"left-cell-txt\">[{T20}]</td>\n    <td class=\"right-cell-txt\">[{V20}]</td>\n  </tr>\n  <tr>\n    <td class=\"left-cell-txt\">[{T21}]</td>\n    <td class=\"right-cell-txt\">[{V21}]</td>\n  </tr>\n  <tr>\n    <td class=\"left-cell-txt\">[{T22}]</td>\n    <td class=\"right-cell-txt\">[{V22}]</td>\n  </tr>\n  <tr>\n    <td class=\"left-cell-txt\">[{T23}]</td>\n    <td class=\"right-cell-txt\">[{V23}]</td>\n  </tr>\n  <tr>\n    <td class=\"right-cell-txt\">[{T24}]</td>\n    <td class=\"left-cell-txt black-border\" >[{V24}]</td>\n  </tr>\n  \n</table>\n\n</td>\n  </tr>\n</table>\n</td>\n  </tr>\n  <tr >\n  <td colspan=\"5\">\n  <table width=\"100%\" border=\"0\" cellspacing=\"0\" cellpadding=\"5\">\n  <tr>\n    <td class=\"green-row-hd2\">[{T25}]</td>\n    <td class=\"green-col-txt\" >[{V25}]</td>\n    <td class=\"green-row-hd2\">[{T27}]</td>\n    <td class=\"green-col-txt\">[{V27}]</td>\n    <td class=\"green-row-hd2\">[{T29}]</td>\n    <td class=\"green-col-txt\">[{V29}]</td>\n  </tr>\n   <tr>\n    <td class=\"green-row-hd2\">[{T26}]</td>\n    <td class=\"green-col-txt\" >[{V26}]</td>\n    <td class=\"green-row-hd2\">[{T28}]</td>\n    <td class=\"green-col-txt\">[{V28}]</td>\n    <td class=\"green-row-hd2\">[{T30}]</td>\n    <td class=\"green-col-txt\">[{V30}]</td>\n  </tr>\n</table>\n</td>\n  </tr>\n  \n  \n</table>\n\n             </td>\n            </tr>\n            \n        </table>','notification',NULL,NULL,NULL,NULL),(18,'Speedy Payrolls Invitation','invitation','<h3 style=\"margin: 0;padding: 0;font-family: &quot;HelveticaNeue-Light&quot;,&quot;Helvetica Neue Light&quot;\n    ,&quot;Helvetica Neue&quot;,Helvetica,Arial,&quot;Lucida Grande&quot;,sans-serif;line-height: 1.1;\n    margin-bottom: 15px;color: #000;font-weight: 500;font-size: 27px;\">Hi, [{NAME}]</h3>\n    <p class=\"lead\" style=\"margin: 0;padding: 0;font-family: &quot;Helvetica Neue&quot;,&quot;Helvetica&quot;\n   ,Helvetica,Arial,sans-serif;margin-bottom: 10px;font-weight: normal;font-size: 17px;line-height: 1.6;\">\n    </p>\n<p class=\"lead\" style=\"margin: 0;padding: 0;font-family: &quot;Helvetica Neue&quot;,&quot;Helvetica&quot;\n   ,Helvetica,Arial,sans-serif;margin-bottom: 10px;font-weight: normal;font-size: 17px;line-height: 1.6;\">\n    You have been invited by [{FULLNAME}] to join SpeedyPayrolls.<br></p>\n\n<p class=\"callout\" style=\"margin: 0;padding: 15px;font-family: &quot;Helvetica Neue&quot;,&quot;Helvetica&quot;\n   ,Helvetica,Arial,sans-serif;margin-bottom: 15px;font-weight: normal;font-size: 14px;line-height: 1.6;background-color: #ECF8FF;\">\nClick the link below to complete your registration:<br><a href=\"[{RESETLINK}]\" style=\"margin: 0;padding: 0;font-family: &quot;Helvetica Neue&quot;,&quot;Helvetica&quot;,Helvetica,Arial,sans-serif;color: #2BA6CB;font-weight: bold;\">[{RESETLINK}]</a>\n</p>\n\n<p class=\"lead\" style=\"margin: 0;padding: 0;font-family: &quot;Helvetica Neue&quot;,&quot;Helvetica&quot;\n   ,Helvetica,Arial,sans-serif;margin-bottom: 10px;font-weight: normal;font-size: 17px;line-height: 1.6;\">\n   If you wish to learn more about this system, the please visit SpeedyPayrolls.com for more information.<br></p>\n','page',NULL,NULL,NULL,NULL),(19,'Welcome to Speedy Payrolls','addemployee','<p class=\"lead\" style=\"margin: 0;padding: 0;font-family: &quot;Helvetica Neue&quot;,&quot;Helvetica&quot;\n   ,Helvetica,Arial,sans-serif;margin-bottom: 10px;font-weight: normal;font-size: 17px;line-height: 1.6;\">\n    </p>\n<p class=\"lead\" style=\"margin: 0;padding: 0;font-family: &quot;Helvetica Neue&quot;,&quot;Helvetica&quot;\n   ,Helvetica,Arial,sans-serif;margin-bottom: 10px;font-weight: normal;font-size: 17px;line-height: 1.6;\">\n    Welcome to SpeedyPayrolls. Your SpeedyPayrolls account was created by [{CREATOR}]. Your login details are below:<br>\n    <br>\n    User Name: [{USERNAME}] <br>\n\nPassword: [{PASSWORD}]<br></p>\n<p>You can login here:  <a href=\"http://www.speedypayrolls.com/platform\">http://www.speedypayrolls.com/platform</a></p>','page',NULL,NULL,NULL,NULL),(20,'Payroll','payroll',NULL,'page',NULL,NULL,NULL,NULL),(21,'Super','super',NULL,'page',NULL,NULL,NULL,NULL),(22,'SpeedyPayrolls New Timesheet Account Creation','super_timesheet_notify','[{RECEIVER}] has a new SpeedyTimesheet account created by [{SENDER}].','page',NULL,NULL,NULL,NULL),(23,'Speedy Payroll Notifications','userverified','    <p class=\"lead\" style=\"margin: 0;padding: 0;font-family: &quot;Helvetica Neue&quot;,&quot;Helvetica&quot;\r\n   ,Helvetica,Arial,sans-serif;margin-bottom: 10px;font-weight: normal;font-size: 17px;line-height: 1.6;\"><br></p>\r\n<p class=\"lead\" style=\"margin: 0;padding: 0;font-family: &quot;Helvetica Neue&quot;,&quot;Helvetica&quot;\r\n   ,Helvetica,Arial,sans-serif;margin-bottom: 10px;font-weight: normal;font-size: 17px;line-height: 1.6;\">\r\n    [{USER}] has successfully signed up and verified the account.','page',NULL,NULL,NULL,NULL),(24,'SpeedyPayrolls Notification','SpeedyPayrolls Notification','[{BODY}]','page',NULL,NULL,NULL,NULL),(25,'Invoice','invoice','[{INVOICE}]','page',NULL,NULL,NULL,NULL);


/*!40101 SET SQL_MODE=@OLD_SQL_MODE */;
/*!40014 SET FOREIGN_KEY_CHECKS=@OLD_FOREIGN_KEY_CHECKS */;
/*!40014 SET UNIQUE_CHECKS=@OLD_UNIQUE_CHECKS */;
/*!40111 SET SQL_NOTES=@OLD_SQL_NOTES */;
